relative_path,media_id,category,duration_seconds,channels,bitrate,confidence,suggested_title,suggested_filename,bank_types,bank_names,event_names
audio/Media/1001162596.wem,1001162596,likely_music_or_ambience,270.239,2,167 kbps,high,Mus_Scenario_SophiaFull,Mus_Scenario_SophiaFull__1001162596.wem,story_music,Music_Story_SophiaFull.bnk,Play_Mus_Scenario_SophiaFull
audio/Media/100761389.wem,100761389,likely_music_or_ambience,111.0,2,191 kbps,high,Mus_Battle_Elite__Mus_Battle_Elite_1500ms,Mus_Battle_Elite__Mus_Battle_Elite_1500ms__100761389.wem,battle_music,Music_Battle_Elite.bnk,Play_Mus_Battle_Elite|Play_Mus_Battle_Elite_1500ms
audio/Media/1014685452.wem,1014685452,likely_music_or_ambience,79.07900000000001,2,162 kbps,high,Mus_Scenario_IriaSongBA,Mus_Scenario_IriaSongBA__1014685452.wem,story_music,Music_Story_IriaSongBA.bnk,Play_Mus_Scenario_IriaSongBA
audio/Media/1021317097.wem,1021317097,likely_music_or_ambience,91.25,2,197 kbps,high,Mus_Story_Chaos__Mus_Story_Chaos_1500ms,Mus_Story_Chaos__Mus_Story_Chaos_1500ms__1021317097.wem,story_music,Music_Story_Chaos.bnk,Play_Mus_Story_Chaos|Play_Mus_Story_Chaos_1500ms
audio/Media/1031952363.wem,1031952363,likely_music_or_ambience,80.055,2,150 kbps,high,Mus_Scenario_Rift__Mus_Scenario_Rift_1500ms,Mus_Scenario_Rift__Mus_Scenario_Rift_1500ms__1031952363.wem,story_music,Music_Story_Rift.bnk,Play_Mus_Scenario_Rift|Play_Mus_Scenario_Rift_1500ms
audio/Media/1038605511.wem,1038605511,likely_music_or_ambience,115.75,2,218 kbps,high,Mus_Scene_Main__Mus_Story_Lively__Mus_Story_Lively_1500ms,Mus_Scene_Main__Mus_Story_Lively__Mus_Story_Lively_1500ms__1038605511.wem,scene_music|story_music,Music_Scene.bnk|Music_Story_Lively.bnk,Play_Mus_Scene_Main|Play_Mus_Story_Lively|Play_Mus_Story_Lively_1500ms
audio/Media/105504850.wem,105504850,likely_music_or_ambience,144.5,2,166 kbps,high,Mus_Scenario_Rivia_B__Mus_Scenario_Rivia_B_1500ms,Mus_Scenario_Rivia_B__Mus_Scenario_Rivia_B_1500ms__105504850.wem,story_music,Music_Story_Rivia_B.bnk,Play_Mus_Scenario_Rivia_B|Play_Mus_Scenario_Rivia_B__1500ms
audio/Media/1066640034.wem,1066640034,likely_music_or_ambience,81.0,2,177 kbps,high,Mus_Scenario_Templar__Mus_Scenario_Templar_2500ms,Mus_Scenario_Templar__Mus_Scenario_Templar_2500ms__1066640034.wem,story_music,Music_Story_Templar.bnk,Play_Mus_Scenario_Templar|Play_Mus_Scenario_Templar_2500ms
audio/Media/1068995827.wem,1068995827,likely_music_or_ambience,126.5,2,199 kbps,high,Mus_Battle_GeneralB__Mus_Battle_GeneralB_1500ms,Mus_Battle_GeneralB__Mus_Battle_GeneralB_1500ms__1068995827.wem,battle_music,Music_Battle_GeneralB.bnk,Play_Mus_Battle_GeneralB|Play_Mus_Battle_GeneralB_1500ms
audio/Media/118095155.wem,118095155,likely_music_or_ambience,91.5,2,200 kbps,high,Mus_Scene_Main__Mus_Story_Hope_01__Mus_Story_Hope_1_1500ms_01,Mus_Scene_Main__Mus_Story_Hope_01__Mus_Story_Hope_1_1500ms_01__118095155.wem,scene_music|story_music,Music_Scene.bnk|Music_Story_Hope_1.bnk,Play_Mus_Scene_Main|Play_Mus_Story_Hope_01|Play_Mus_Story_Hope_1_1500ms_01
audio/Media/122075770.wem,122075770,likely_music_or_ambience,70.75,2,198 kbps,high,Mus_Scenario_Determination__Mus_Scenario_Determination_1500ms,Mus_Scenario_Determination__Mus_Scenario_Determination_1500ms__122075770.wem,story_music,Music_Story_Determination.bnk,Play_Mus_Scenario_Determination|Play_Mus_Scenario_Determination_1500ms
audio/Media/146815214.wem,146815214,likely_music_or_ambience,86.75,2,190 kbps,high,Mus_Scene_Main__Mus_Story_Friendship__Mus_Story_Friendship_1500ms,Mus_Scene_Main__Mus_Story_Friendship__Mus_Story_Friendship_1500ms__146815214.wem,scene_music|story_music,Music_Scene.bnk|Music_Story_Friendship.bnk,Play_Mus_Scene_Main|Play_Mus_Story_Friendship|Play_Mus_Story_Friendship_1500ms
audio/Media/1476124.wem,1476124,likely_music_or_ambience,143.109,2,179 kbps,high,Mus_Scenario_Rivia_A__Mus_Scenario_Rivia_A_1500ms,Mus_Scenario_Rivia_A__Mus_Scenario_Rivia_A_1500ms__1476124.wem,story_music,Music_Story_Rivia_A.bnk,Play_Mus_Scenario_Rivia_A|Play_Mus_Scenario_Rivia_A_1500ms
audio/Media/160693475.wem,160693475,possibly_music_ambience_or_long_sfx,56.42,2,124 kbps,high,Amb_Scene_CityLYDay__Amb_Scene_CityLYEve__Amb_Battle_Weather,Amb_Scene_CityLYDay__Amb_Scene_CityLYEve__Amb_Battle_Weather__160693475.wem,non_music_bank,bnk_sfx_amb_state.bnk,Play_Amb_Scene_CityLYDay|Play_Amb_Scene_CityLYEve|play_Amb_Battle_Weather
audio/Media/167931848.wem,167931848,likely_music_or_ambience,125.401,2,171 kbps,high,Mus_Scenario_DormitoryB__Mus_Scenario_DormitoryB_1500ms__Mus_Scene_CityLYDay__Mus_Scene_CityLYEve,Mus_Scenario_DormitoryB__Mus_Scenario_DormitoryB_1500ms__Mus_Scene_CityLYDay__Mus_Scene_CityLYEve__167931848.wem,scene_music|story_music,Music_Scene_CityLYDay.bnk|Music_Scene_CityLYEve.bnk|Music_Story_DormitoryB.bnk,Play_Mus_Scenario_DormitoryB|Play_Mus_Scenario_DormitoryB_1500ms|Play_Mus_Scene_CityLYDay|Play_Mus_Scene_CityLYEve
audio/Media/176004972.wem,176004972,likely_music_or_ambience,124.8,2,183 kbps,high,Mus_Scenario_IceTheme__Mus_Scene_IceTheme,Mus_Scenario_IceTheme__Mus_Scene_IceTheme__176004972.wem,scene_music|story_music,Music_Scene_IceTheme.bnk|Music_Story_IceTheme.bnk,Play_Mus_Scenario_IceTheme|Play_Mus_Scene_IceTheme
audio/Media/189573670.wem,189573670,likely_music_or_ambience,128.768,2,170 kbps,high,Mus_Battle_NightmareGen__Mus_Battle_NightmareGen_1500ms,Mus_Battle_NightmareGen__Mus_Battle_NightmareGen_1500ms__189573670.wem,battle_music,Music_Battle_NightmareGen.bnk,Play_Mus_Battle_NightmareGen|Play_Mus_Battle_NightmareGen_1500ms
audio/Media/190497010.wem,190497010,possibly_music_ambience_or_long_sfx,45.484,2,172 kbps,high,Mus_Scenario_Wind,Mus_Scenario_Wind__190497010.wem,story_music,Music_Story_Wind.bnk,Play_Mus_Scenario_Wind
audio/Media/211191023.wem,211191023,likely_music_or_ambience,118.25,2,178 kbps,high,Mus_Scenario_Shock__Mus_Scenario_Shock_1500ms__Mus_Scene_CityLYDay__Mus_Scene_CityLYEve,Mus_Scenario_Shock__Mus_Scenario_Shock_1500ms__Mus_Scene_CityLYDay__Mus_Scene_CityLYEve__211191023.wem,scene_music|story_music,Music_Scene_CityLYDay.bnk|Music_Scene_CityLYEve.bnk|Music_Story_Shock.bnk,Play_Mus_Scenario_Shock|Play_Mus_Scenario_Shock_1500ms|Play_Mus_Scene_CityLYDay|Play_Mus_Scene_CityLYEve
audio/Media/214383592.wem,214383592,likely_music_or_ambience,69.75,2,190 kbps,high,Mus_Scenario_Revival__Mus_Scenario_Revival_1500ms,Mus_Scenario_Revival__Mus_Scenario_Revival_1500ms__214383592.wem,story_music,Music_Story_Revival.bnk,Play_Mus_Scenario_Revival|Play_Mus_Scenario_Revival_1500ms
audio/Media/242962495.wem,242962495,likely_music_or_ambience,117.01400000000001,2,172 kbps,high,Mus_Battle_CrimsonNightB__Mus_Battle_CrimsonNightB_1500ms,Mus_Battle_CrimsonNightB__Mus_Battle_CrimsonNightB_1500ms__242962495.wem,battle_music,Music_Battle_CrimsonNightB.bnk,Play_Mus_Battle_CrimsonNightB|Play_Mus_Battle_CrimsonNightB_1500ms
audio/Media/25633412.wem,25633412,likely_music_or_ambience,137.0,2,196 kbps,high,Mus_Battle_Town__Mus_Battle_Town_1500ms,Mus_Battle_Town__Mus_Battle_Town_1500ms__25633412.wem,battle_music,Music_Battle_Town.bnk,Play_Mus_Battle_Town|Play_Mus_Battle_Town_1500ms
audio/Media/260078545.wem,260078545,likely_music_or_ambience,127.918,2,165 kbps,high,Mus_Battle_CrimsonNight__Mus_Battle_CrimsonNight_1500ms,Mus_Battle_CrimsonNight__Mus_Battle_CrimsonNight_1500ms__260078545.wem,battle_music,Music_Battle_CrimsonNight.bnk,Play_Mus_Battle_CrimsonNight|Play_Mus_Battle_CrimsonNight_1500ms
audio/Media/264083307.wem,264083307,likely_music_or_ambience,114.89699999999999,2,172 kbps,high,Mus_Story_Hope_2,Mus_Story_Hope_2__264083307.wem,story_music,Music_Story_Hope_2.bnk,Play_Mus_Story_Hope_2
audio/Media/266959265.wem,266959265,likely_music_or_ambience,119.25,2,181 kbps,high,Mus_Scenario_RucciaThemeB__Mus_Scenario_RucciaThemeB_1500ms__Mus_Scene_RucciaThemeB,Mus_Scenario_RucciaThemeB__Mus_Scenario_RucciaThemeB_1500ms__Mus_Scene_RucciaThemeB__266959265.wem,scene_music|story_music,Music_Scene_RucciaThemeB.bnk|Music_Story_RucciaThemeB.bnk,Play_Mus_Scenario_RucciaThemeB|Play_Mus_Scenario_RucciaThemeB_1500ms|Play_Mus_Scene_RucciaThemeB
audio/Media/269098139.wem,269098139,likely_music_or_ambience,117.25,2,198 kbps,high,Mus_Battle_Dilemma__Mus_Battle_Dilemma_1500ms,Mus_Battle_Dilemma__Mus_Battle_Dilemma_1500ms__269098139.wem,battle_music,Music_Battle_Dilemma.bnk,Play_Mus_Battle_Dilemma|Play_Mus_Battle_Dilemma_1500ms
audio/Media/274471307.wem,274471307,likely_music_or_ambience,114.0,2,176 kbps,high,Mus_Scenario_Heart,Mus_Scenario_Heart__274471307.wem,story_music,Music_Story_Heart.bnk,Play_Mus_Scenario_Heart
audio/Media/276368363.wem,276368363,likely_music_or_ambience,112.75,2,194 kbps,high,Mus_Battle_TaluoBoss__Mus_Battle_TaluoBoss_1500ms,Mus_Battle_TaluoBoss__Mus_Battle_TaluoBoss_1500ms__276368363.wem,battle_music,Music_Battle_TaluoBoss.bnk,Play_Mus_Battle_TaluoBoss|Play_Mus_Battle_TaluoBoss_1500ms
audio/Media/277694270.wem,277694270,likely_music_or_ambience,120.5,2,184 kbps,high,Mus_Battle_Tundra__Mus_Battle_Tundra_1500ms,Mus_Battle_Tundra__Mus_Battle_Tundra_1500ms__277694270.wem,battle_music,Music_Battle_Tundra.bnk,Play_Mus_Battle_Tundra|Play_Mus_Battle_Tundra_1500ms
audio/Media/283309943.wem,283309943,likely_music_or_ambience,102.5,2,200 kbps,high,Mus_Scenario_SuleymanTheme__Mus_Scenario_SuleymanTheme_1500ms,Mus_Scenario_SuleymanTheme__Mus_Scenario_SuleymanTheme_1500ms__283309943.wem,story_music,Music_Story_SuleymanTheme.bnk,Play_Mus_Scenario_SuleymanTheme|Play_Mus_Scenario_SuleymanTheme_1500ms
audio/Media/286446205.wem,286446205,likely_music_or_ambience,72.483,2,164 kbps,high,Mus_Scene_Main,Mus_Scene_Main__286446205.wem,scene_music,Music_Scene.bnk,Play_Mus_Scene_Main
audio/Media/288674136.wem,288674136,likely_music_or_ambience,70.116,2,176 kbps,high,Mus_Scenario_Life__Mus_Scenario_Life_1500ms,Mus_Scenario_Life__Mus_Scenario_Life_1500ms__288674136.wem,story_music,Music_Story_Life.bnk,Play_Mus_Scenario_Life|Play_Mus_Scenario_Life_1500ms
audio/Media/29471732.wem,29471732,likely_music_or_ambience,60.753,2,101 kbps,high,Amb_Scene_CityLYDay__Amb_Scene_CityLYEve__Amb_Battle_Weather,Amb_Scene_CityLYDay__Amb_Scene_CityLYEve__Amb_Battle_Weather__29471732.wem,non_music_bank,bnk_sfx_amb_state.bnk,Play_Amb_Scene_CityLYDay|Play_Amb_Scene_CityLYEve|play_Amb_Battle_Weather
audio/Media/296740833.wem,296740833,likely_music_or_ambience,76.0,2,183 kbps,high,Mus_Story_Grief_1__Mus_Story_Grief_1_1500ms,Mus_Story_Grief_1__Mus_Story_Grief_1_1500ms__296740833.wem,story_music,Music_Story_Grief_1.bnk,Play_Mus_Story_Grief_1|Play_Mus_Story_Grief_1_1500ms
audio/Media/302416290.wem,302416290,likely_music_or_ambience,124.0,2,177 kbps,high,Mus_Battle_AgainstWill__Mus_Battle_AgainstWill_1500ms,Mus_Battle_AgainstWill__Mus_Battle_AgainstWill_1500ms__302416290.wem,battle_music,Music_Battle_AgainstWill.bnk,Play_Mus_Battle_AgainstWill|Play_Mus_Battle_AgainstWill_1500ms
audio/Media/305025522.wem,305025522,likely_music_or_ambience,123.636,2,180 kbps,high,Mus_Scenario_WindPalace__Mus_Scene_Main__Mus_Scene_WindPalace,Mus_Scenario_WindPalace__Mus_Scene_Main__Mus_Scene_WindPalace__305025522.wem,scene_music|story_music,Music_Scene.bnk|Music_Scene_WindPalace.bnk|Music_Story_WindPalace.bnk,Play_Mus_Scenario_WindPalace|Play_Mus_Scene_Main|Play_Mus_Scene_WindPalace
audio/Media/310576033.wem,310576033,likely_music_or_ambience,63.333,2,174 kbps,high,Mus_Scenario_Sheila,Mus_Scenario_Sheila__310576033.wem,story_music,Music_Story_Sheila.bnk,Play_Mus_Scenario_Sheila
audio/Media/313353859.wem,313353859,likely_music_or_ambience,120.0,2,180 kbps,high,Mus_Battle_DjMeshiGen,Mus_Battle_DjMeshiGen__313353859.wem,battle_music,LDA_Music_Battle_DjMeshiGen.bnk,Play_Mus_Battle_DjMeshiGen
audio/Media/318077433.wem,318077433,likely_music_or_ambience,93.75,2,194 kbps,high,PPlay_Mus_Battle_TrainGen_1500ms__Mus_Battle_TrainGen,PPlay_Mus_Battle_TrainGen_1500ms__Mus_Battle_TrainGen__318077433.wem,battle_music,Music_Battle_TrainGen.bnk,PPlay_Mus_Battle_TrainGen_1500ms|Play_Mus_Battle_TrainGen
audio/Media/3217170.wem,3217170,likely_music_or_ambience,128.5,2,199 kbps,high,Mus_Scene_GardenInner__Mus_Scene_GardenOutside__Mus_Scene_Main,Mus_Scene_GardenInner__Mus_Scene_GardenOutside__Mus_Scene_Main__3217170.wem,scene_music,Music_Scene.bnk|Music_Scene_Garden.bnk,Play_Mus_Scene_GardenInner|Play_Mus_Scene_GardenOutside|Play_Mus_Scene_Main
audio/Media/322743157.wem,322743157,likely_music_or_ambience,123.429,2,165 kbps,high,Mus_Scenario_Camp__Mus_Scenario_Camp_1500ms__Mus_Scene_Camp__Mus_Scene_Main,Mus_Scenario_Camp__Mus_Scenario_Camp_1500ms__Mus_Scene_Camp__Mus_Scene_Main__322743157.wem,scene_music|story_music,Music_Scene.bnk|Music_Scene_Camp.bnk|Music_Story_Camp.bnk,Play_Mus_Scenario_Camp|Play_Mus_Scenario_Camp_1500ms|Play_Mus_Scene_Camp|Play_Mus_Scene_Main
audio/Media/341687626.wem,341687626,likely_music_or_ambience,135.183,2,160 kbps,high,Mus_Scenario_IriaSongFull__Mus_Scenario_Iriasongfull_Vocal,Mus_Scenario_IriaSongFull__Mus_Scenario_Iriasongfull_Vocal__341687626.wem,story_music,Mus_Story_IriaSongFull.bnk|Music_Story_IriaSongFull.bnk,Play_Mus_Scenario_IriaSongFull|Play_Mus_Scenario_Iriasongfull_Vocal
audio/Media/346517283.wem,346517283,possibly_music_ambience_or_long_sfx,21.143,2,174 kbps,high,Mus_Battle_Lose__Mus_Battle_Win,Mus_Battle_Lose__Mus_Battle_Win__346517283.wem,battle_music,Music_Battle_Result.bnk,Play_Mus_Battle_Lose|Play_Mus_Battle_Win
audio/Media/351327745.wem,351327745,likely_music_or_ambience,115.455,2,177 kbps,high,Mus_Battle_Unknown__Mus_Battle_Unknown_1500ms,Mus_Battle_Unknown__Mus_Battle_Unknown_1500ms__351327745.wem,battle_music,Music_Battle_Unknown.bnk,Play_Mus_Battle_Unknown|Play_Mus_Battle_Unknown_1500ms
audio/Media/363280101.wem,363280101,likely_music_or_ambience,88.943,2,167 kbps,high,Mus_Scenario_Love,Mus_Scenario_Love__363280101.wem,story_music,Music_Story_Love.bnk,Play_Mus_Scenario_Love
audio/Media/366224958.wem,366224958,likely_music_or_ambience,113.571,2,203 kbps,high,Mus_Battle_Arena__Mus_Battle_Arena_1500ms__Mus_Scene_Main,Mus_Battle_Arena__Mus_Battle_Arena_1500ms__Mus_Scene_Main__366224958.wem,battle_music|scene_music,Music_Battle_Arena.bnk|Music_Scene.bnk,Play_Mus_Battle_Arena|Play_Mus_Battle_Arena_1500ms|Play_Mus_Scene_Main
audio/Media/4128751.wem,4128751,likely_music_or_ambience,124.0,2,171 kbps,high,Mus_Battle_NightmareBoss__Mus_Battle_NightmareBoss_1500ms,Mus_Battle_NightmareBoss__Mus_Battle_NightmareBoss_1500ms__4128751.wem,battle_music,Music_Battle_NightmareBoss.bnk,Play_Mus_Battle_NightmareBoss|Play_Mus_Battle_NightmareBoss_1500ms
audio/Media/420376016.wem,420376016,likely_music_or_ambience,126.75,2,173 kbps,high,Mus_Battle_Glocier__Mus_Battle_Glocier_1500ms,Mus_Battle_Glocier__Mus_Battle_Glocier_1500ms__420376016.wem,battle_music,Music_Battle_Glocier.bnk,Play_Mus_Battle_Glocier|Play_Mus_Battle_Glocier_1500ms
audio/Media/42128501.wem,42128501,likely_music_or_ambience,115.75,2,194 kbps,high,Mus_Scene_Main__Mus_Story_Busy__Mus_Story_Busy_1500ms,Mus_Scene_Main__Mus_Story_Busy__Mus_Story_Busy_1500ms__42128501.wem,scene_music|story_music,Music_Scene.bnk|Music_Story_Busy.bnk,Play_Mus_Scene_Main|Play_Mus_Story_Busy|Play_Mus_Story_Busy_1500ms
audio/Media/444231590.wem,444231590,likely_music_or_ambience,75.136,2,179 kbps,high,Mus_Scenario_Resigned__Mus_Scenario_Resigned_1500ms,Mus_Scenario_Resigned__Mus_Scenario_Resigned_1500ms__444231590.wem,story_music,Music_Story_Resigned.bnk,Play_Mus_Scenario_Resigned|Play_Mus_Scenario_Resigned_1500ms
audio/Media/446226713.wem,446226713,possibly_music_ambience_or_long_sfx,50.687,2,111 kbps,high,Amb_Scene_CityLYDay__Amb_Scene_CityLYEve__Amb_Battle_Weather,Amb_Scene_CityLYDay__Amb_Scene_CityLYEve__Amb_Battle_Weather__446226713.wem,non_music_bank,bnk_sfx_amb_state.bnk,Play_Amb_Scene_CityLYDay|Play_Amb_Scene_CityLYEve|play_Amb_Battle_Weather
audio/Media/460535770.wem,460535770,likely_music_or_ambience,77.125,2,179 kbps,high,Mus_Scene_Main__Mus_Story_Nostalgic_1__Mus_Story_Nostalgic_1_1500ms,Mus_Scene_Main__Mus_Story_Nostalgic_1__Mus_Story_Nostalgic_1_1500ms__460535770.wem,music|scene_music,Music_Nostalgic_1.bnk|Music_Scene.bnk,Play_Mus_Scene_Main|Play_Mus_Story_Nostalgic_1|Play_Mus_Story_Nostalgic_1_1500ms
audio/Media/469457561.wem,469457561,likely_music_or_ambience,113.0,2,198 kbps,high,Mus_Battle_Investigate__Mus_Battle_Investigate_1500ms,Mus_Battle_Investigate__Mus_Battle_Investigate_1500ms__469457561.wem,battle_music,Music_Battle_Investigate.bnk,Play_Mus_Battle_Investigate|Play_Mus_Battle_Investigate_1500ms
audio/Media/482005207.wem,482005207,possibly_music_ambience_or_long_sfx,21.519,2,118 kbps,high,Amb_Scene_CityLYDay__Amb_Scene_CityLYEve__Amb_Battle_Weather,Amb_Scene_CityLYDay__Amb_Scene_CityLYEve__Amb_Battle_Weather__482005207.wem,non_music_bank,bnk_sfx_amb_state.bnk,Play_Amb_Scene_CityLYDay|Play_Amb_Scene_CityLYEve|play_Amb_Battle_Weather
audio/Media/486240075.wem,486240075,likely_music_or_ambience,136.0,2,219 kbps,high,Mus_Battle_TrainHard__Mus_Battle_TrainHard_1500ms,Mus_Battle_TrainHard__Mus_Battle_TrainHard_1500ms__486240075.wem,battle_music,Music_Battle_TrainHard.bnk,Play_Mus_Battle_TrainHard|Play_Mus_Battle_TrainHard_1500ms
audio/Media/486276078.wem,486276078,possibly_music_ambience_or_long_sfx,41.844,2,127 kbps,high,Amb_Scene_CityLYDay__Amb_Scene_CityLYEve__Amb_Battle_Weather,Amb_Scene_CityLYDay__Amb_Scene_CityLYEve__Amb_Battle_Weather__486276078.wem,non_music_bank,bnk_sfx_amb_state.bnk,Play_Amb_Scene_CityLYDay|Play_Amb_Scene_CityLYEve|play_Amb_Battle_Weather
audio/Media/49633189.wem,49633189,likely_music_or_ambience,154.75,2,208 kbps,high,Mus_Battle_Covert__Mus_Battle_Covert_1500ms,Mus_Battle_Covert__Mus_Battle_Covert_1500ms__49633189.wem,battle_music,Music_Battle_Covert.bnk,Play_Mus_Battle_Covert|Play_Mus_Battle_Covert_1500ms
audio/Media/501104748.wem,501104748,likely_music_or_ambience,118.66,2,172 kbps,high,Mus_Scenario_UnderPalace__Mus_Scene_Main__Mus_Scene_UnderPalace,Mus_Scenario_UnderPalace__Mus_Scene_Main__Mus_Scene_UnderPalace__501104748.wem,scene_music|story_music,Music_Scene.bnk|Music_Scene_UnderPalace.bnk|Music_Story_UnderPalace.bnk,Play_Mus_Scenario_UnderPalace|Play_Mus_Scene_Main|Play_Mus_Scene_UnderPalace
audio/Media/502218949.wem,502218949,possibly_music_ambience_or_long_sfx,20.005,2,147 kbps,high,Amb_Scene_CityLYDay__Amb_Scene_CityLYEve__Amb_Battle_Weather,Amb_Scene_CityLYDay__Amb_Scene_CityLYEve__Amb_Battle_Weather__502218949.wem,non_music_bank,bnk_sfx_amb_state.bnk,Play_Amb_Scene_CityLYDay|Play_Amb_Scene_CityLYEve|play_Amb_Battle_Weather
audio/Media/505295999.wem,505295999,likely_music_or_ambience,106.75,2,199 kbps,high,Mus_Battle_Grand__Mus_Battle_Grand_1500ms,Mus_Battle_Grand__Mus_Battle_Grand_1500ms__505295999.wem,battle_music,Music_Battle_Grand.bnk,Play_Mus_Battle_Grand|Play_Mus_Battle_Grand_1500ms
audio/Media/509706349.wem,509706349,likely_music_or_ambience,92.75,2,191 kbps,high,Mus_Scenario_Regret_B__Mus_Scenario_Regret_B_1500ms__Mus_Scenario_SophiaFull,Mus_Scenario_Regret_B__Mus_Scenario_Regret_B_1500ms__Mus_Scenario_SophiaFull__509706349.wem,story_music,Music_Story_Regret_B.bnk|Music_Story_SophiaFull.bnk,Play_Mus_Scenario_Regret_B|Play_Mus_Scenario_Regret_B_1500ms|Play_Mus_Scenario_SophiaFull
audio/Media/524094008.wem,524094008,likely_music_or_ambience,121.75,2,195 kbps,high,Mus_Scene_GardenInner__Mus_Scene_GardenOutside__Mus_Scene_Main,Mus_Scene_GardenInner__Mus_Scene_GardenOutside__Mus_Scene_Main__524094008.wem,scene_music,Music_Scene.bnk|Music_Scene_Garden.bnk,Play_Mus_Scene_GardenInner|Play_Mus_Scene_GardenOutside|Play_Mus_Scene_Main
audio/Media/529430509.wem,529430509,likely_music_or_ambience,114.543,2,190 kbps,high,Mus_Scenario_Homa__Mus_Scenario_Homa_1500ms__Mus_Scene_Homa__Mus_Scene_Main,Mus_Scenario_Homa__Mus_Scenario_Homa_1500ms__Mus_Scene_Homa__Mus_Scene_Main__529430509.wem,scene_music|story_music,Music_Scene.bnk|Music_Scene_Homa.bnk|Music_Story_Homa.bnk,Play_Mus_Scenario_Homa|Play_Mus_Scenario_Homa_1500ms|Play_Mus_Scene_Homa|Play_Mus_Scene_Main
audio/Media/535114612.wem,535114612,likely_music_or_ambience,142.934,2,179 kbps,high,Mus_Scene_Rivia_A,Mus_Scene_Rivia_A__535114612.wem,scene_music,Music_Scene_Rivia_A.bnk,Play_Mus_Scene_Rivia_A
audio/Media/559585457.wem,559585457,likely_music_or_ambience,115.16,2,195 kbps,high,Mus_Scenario_HashaCapital__Mus_Scenario_HashaCapital_1500ms__Mus_Scene_HashaCapital__Mus_Scene_Main,Mus_Scenario_HashaCapital__Mus_Scenario_HashaCapital_1500ms__Mus_Scene_HashaCapital__Mus_Scene_Main__559585457.wem,scene_music|story_music,Music_Scene.bnk|Music_Scene_HashaCapital.bnk|Music_Story_HashaCapital.bnk,Play_Mus_Scenario_HashaCapital|Play_Mus_Scenario_HashaCapital_1500ms|Play_Mus_Scene_HashaCapital|Play_Mus_Scene_Main
audio/Media/561448613.wem,561448613,likely_music_or_ambience,115.2,2,172 kbps,high,Mus_Scenario_Tavern__Mus_Scenario_Tavern_1500ms__Mus_Scene_CityLYDay__Mus_Scene_CityLYEve,Mus_Scenario_Tavern__Mus_Scenario_Tavern_1500ms__Mus_Scene_CityLYDay__Mus_Scene_CityLYEve__561448613.wem,scene_music|story_music,Music_Scene_CityLYDay.bnk|Music_Scene_CityLYEve.bnk|Music_Story_Tavern.bnk,Play_Mus_Scenario_Tavern|Play_Mus_Scenario_Tavern_1500ms|Play_Mus_Scene_CityLYDay|Play_Mus_Scene_CityLYEve
audio/Media/572509882.wem,572509882,likely_music_or_ambience,86.866,2,178 kbps,high,Mus_Scenario_Desperate,Mus_Scenario_Desperate__572509882.wem,story_music,Music_Story_Desperate.bnk,Play_Mus_Scenario_Desperate
audio/Media/57287028.wem,57287028,likely_music_or_ambience,68.5,2,189 kbps,high,Mus_Story_Regret,Mus_Story_Regret__57287028.wem,story_music,Music_Story_Regret.bnk,Play_Mus_Story_Regret
audio/Media/5840810.wem,5840810,likely_music_or_ambience,108.0,2,211 kbps,high,Mus_Battle_GeneralE__Mus_Battle_GeneralE_1500ms__Mus_Scenario_GeneralE__Mus_Scenario_GeneralE_1500ms__multiple,Mus_Battle_GeneralE__Mus_Battle_GeneralE_1500ms__Mus_Scenario_GeneralE__Mus_Scenario_GeneralE_1500ms__multiple__5840810.wem,battle_music|scene_music|story_music,Music_Battle_GeneralE.bnk|Music_Scene.bnk|Music_Story_GeneralE.bnk,Play_Mus_Battle_GeneralE|Play_Mus_Battle_GeneralE_1500ms|Play_Mus_Scenario_GeneralE|Play_Mus_Scenario_GeneralE_1500ms|Play_Mus_Scene_Main
audio/Media/587319189.wem,587319189,likely_music_or_ambience,68.0,2,182 kbps,high,Mus_Scenario_Inference__Mus_Scene_CityLYDay__Mus_Scene_CityLYEve,Mus_Scenario_Inference__Mus_Scene_CityLYDay__Mus_Scene_CityLYEve__587319189.wem,scene_music|story_music,Music_Scene_CityLYDay.bnk|Music_Scene_CityLYEve.bnk|Music_Story_Inference.bnk,Play_Mus_Scenario_Inference|Play_Mus_Scene_CityLYDay|Play_Mus_Scene_CityLYEve
audio/Media/58844104.wem,58844104,likely_music_or_ambience,120.375,2,194 kbps,high,Mus_Scenario_RucciaTheme__Mus_Scenario_RucciaTheme_1500ms,Mus_Scenario_RucciaTheme__Mus_Scenario_RucciaTheme_1500ms__58844104.wem,story_music,Music_Story_RucciaTheme.bnk,Play_Mus_Scenario_RucciaTheme|Play_Mus_Scenario_RucciaTheme_1500ms
audio/Media/595525186.wem,595525186,likely_music_or_ambience,95.25,2,187 kbps,high,Mus_Scene_Main__Mus_Story_Peaceful__Mus_Story_Peaceful_1500ms,Mus_Scene_Main__Mus_Story_Peaceful__Mus_Story_Peaceful_1500ms__595525186.wem,scene_music|story_music,Music_Scene.bnk|Music_Story_Peaceful.bnk,Play_Mus_Scene_Main|Play_Mus_Story_Peaceful|Play_Mus_Story_Peaceful_1500ms
audio/Media/622753124.wem,622753124,likely_music_or_ambience,115.75,2,192 kbps,high,Mus_Scene_Main__Mus_Story_Quiet__Mus_Story_Quiet_1500ms,Mus_Scene_Main__Mus_Story_Quiet__Mus_Story_Quiet_1500ms__622753124.wem,scene_music|story_music,Music_Scene.bnk|Music_Story_Quiet.bnk,Play_Mus_Scene_Main|Play_Mus_Story_Quiet|Play_Mus_Story_Quiet_1500ms
audio/Media/634214285.wem,634214285,likely_music_or_ambience,131.5,2,187 kbps,high,Mus_Story_Theme__Mus_Story_Theme_1500ms,Mus_Story_Theme__Mus_Story_Theme_1500ms__634214285.wem,story_music,Music_Story_Theme.bnk,Play_Mus_Story_Theme|Play_Mus_Story_Theme_1500ms
audio/Media/640499737.wem,640499737,likely_music_or_ambience,78.25,2,185 kbps,high,Mus_Scene_Main__Mus_Story_Nostalgic_2__Mus_Story_Nostalgic_2_1500ms__Mus_UI_Login__multiple,Mus_Scene_Main__Mus_Story_Nostalgic_2__Mus_Story_Nostalgic_2_1500ms__Mus_UI_Login__multiple__640499737.wem,music|scene_music|ui_music,Music_Nostalgic_2.bnk|Music_Scene.bnk|Music_UI_Login.bnk,Play_Mus_Scene_Main|Play_Mus_Story_Nostalgic_2|Play_Mus_Story_Nostalgic_2_1500ms|Play_Mus_UI_Login|Play_Mus_UI_Login_1500ms
audio/Media/642147771.wem,642147771,likely_music_or_ambience,86.96000000000001,2,171 kbps,high,Mus_Scenario_ThePrice__Mus_Scenario_ThePrice_2500ms,Mus_Scenario_ThePrice__Mus_Scenario_ThePrice_2500ms__642147771.wem,story_music,Music_Story_ThePrice.bnk,Play_Mus_Scenario_ThePrice|Play_Mus_Scenario_ThePrice_2500ms
audio/Media/648291043.wem,648291043,likely_music_or_ambience,86.25,2,195 kbps,high,Mus_Story_Intense_1__Mus_Story_Intense_1_1500ms,Mus_Story_Intense_1__Mus_Story_Intense_1_1500ms__648291043.wem,story_music,Music_Story_Intense_1.bnk,Play_Mus_Story_Intense_1|Play_Mus_Story_Intense_1_1500ms
audio/Media/650349109.wem,650349109,likely_music_or_ambience,116.41,2,171 kbps,high,Mus_Scenario_Hasheem__Mus_Scenario_Hasheem_1500ms__Mus_Scene_Hasheem__Mus_Scene_Main,Mus_Scenario_Hasheem__Mus_Scenario_Hasheem_1500ms__Mus_Scene_Hasheem__Mus_Scene_Main__650349109.wem,scene_music|story_music,Music_Scene.bnk|Music_Scene_Hasheem.bnk|Music_Story_Hasheem.bnk,Play_Mus_Scenario_Hasheem|Play_Mus_Scenario_Hasheem_1500ms|Play_Mus_Scene_Hasheem|Play_Mus_Scene_Main
audio/Media/65738196.wem,65738196,likely_music_or_ambience,113.75399999999999,2,166 kbps,high,Mus_Scenario_King,Mus_Scenario_King__65738196.wem,story_music,Music_Story_King.bnk,Play_Mus_Scenario_King
audio/Media/670270843.wem,670270843,likely_music_or_ambience,120.787,2,168 kbps,high,Mus_Scenario_ArenaOut__Mus_Scene_ArenaOut__Mus_Scene_Main,Mus_Scenario_ArenaOut__Mus_Scene_ArenaOut__Mus_Scene_Main__670270843.wem,scene_music|story_music,Music_Scene.bnk|Music_Scene_ArenaOut.bnk|Music_Story_ArenaOut.bnk,Play_Mus_Scenario_ArenaOut|Play_Mus_Scene_ArenaOut|Play_Mus_Scene_Main
audio/Media/675227149.wem,675227149,likely_music_or_ambience,115.2,2,169 kbps,high,Mus_Scenario_OffWork__Mus_Scenario_OffWork_1500ms__Mus_Scene_CityLYEve,Mus_Scenario_OffWork__Mus_Scenario_OffWork_1500ms__Mus_Scene_CityLYEve__675227149.wem,scene_music|story_music,Music_Scene_CityLYEve.bnk|Music_Story_OffWork.bnk,Play_Mus_Scenario_OffWork|Play_Mus_Scenario_OffWork_1500ms|Play_Mus_Scene_CityLYEve
audio/Media/680909247.wem,680909247,likely_music_or_ambience,173.637,2,213 kbps,high,Mus_Battle_Trail__Mus_Battle_Trail_1500ms,Mus_Battle_Trail__Mus_Battle_Trail_1500ms__680909247.wem,battle_music,Music_Battle_Trail.bnk,Play_Mus_Battle_Trail|Play_Mus_Battle_Trail_1500ms
audio/Media/68231916.wem,68231916,possibly_music_ambience_or_long_sfx,21.333,2,160 kbps,high,Mus_Scenario_IriaSongINSTR__gtx_IriaSongINSTR,Mus_Scenario_IriaSongINSTR__gtx_IriaSongINSTR__68231916.wem,scenario_sfx_or_ambience|story_music,Music_Story_IriaSongINSTR.bnk|bnk_sfx_scenario_gtx_17.bnk,Play_Mus_Scenario_IriaSongINSTR|Play_gtx_IriaSongINSTR
audio/Media/687259067.wem,687259067,likely_music_or_ambience,119.48599999999999,2,178 kbps,high,Mus_Scenario_Memonic__Mus_Scenario_Memonic_1500ms,Mus_Scenario_Memonic__Mus_Scenario_Memonic_1500ms__687259067.wem,story_music,Music_Story_Memonic.bnk,Play_Mus_Scenario_Memonic|Play_Mus_Scenario_Memonic_1500ms
audio/Media/692494989.wem,692494989,likely_music_or_ambience,77.0,2,186 kbps,high,Mus_Story_Suspense_1__Mus_Story_Suspense_1_1500ms__Mus_Story_Suspense_1_Loop,Mus_Story_Suspense_1__Mus_Story_Suspense_1_1500ms__Mus_Story_Suspense_1_Loop__692494989.wem,story_music,Music_Story_Suspense_1.bnk,Play_Mus_Story_Suspense_1|Play_Mus_Story_Suspense_1_1500ms|Play_Mus_Story_Suspense_1_Loop
audio/Media/702423934.wem,702423934,likely_music_or_ambience,196.911,2,157 kbps,high,Mus_Scenario_Wolven__Mus_Scenario_Wolven_1500ms__Mus_Scene_Wolven,Mus_Scenario_Wolven__Mus_Scenario_Wolven_1500ms__Mus_Scene_Wolven__702423934.wem,scene_music|story_music,Music_Scene_Wolven.bnk|Music_Story_Wolven.bnk,Play_Mus_Scenario_Wolven|Play_Mus_Scenario_Wolven_1500ms|Play_Mus_Scene_Wolven
audio/Media/706161170.wem,706161170,possibly_music_ambience_or_long_sfx,54.5,2,184 kbps,high,Mus_Scenario_World__Mus_Scenario_World_2500ms__Mus_Scene_Main__Mus_Scene_World__multiple,Mus_Scenario_World__Mus_Scenario_World_2500ms__Mus_Scene_Main__Mus_Scene_World__multiple__706161170.wem,scene_music,Music_Scene.bnk|Music_Scene_World.bnk,Play_Mus_Scenario_World|Play_Mus_Scenario_World_2500ms|Play_Mus_Scene_Main|Play_Mus_Scene_World|Play_Mus_Scene_World_2500ms
audio/Media/709349582.wem,709349582,likely_music_or_ambience,73.343,2,116 kbps,high,Amb_Scene_CityLYDay__Amb_Scene_CityLYEve__Amb_Battle_Weather,Amb_Scene_CityLYDay__Amb_Scene_CityLYEve__Amb_Battle_Weather__709349582.wem,non_music_bank,bnk_sfx_amb_state.bnk,Play_Amb_Scene_CityLYDay|Play_Amb_Scene_CityLYEve|play_Amb_Battle_Weather
audio/Media/725477004.wem,725477004,likely_music_or_ambience,113.455,2,178 kbps,high,Mus_Scenario_DjMeshi__Mus_Scenario_DjMeshi_1500ms__Mus_Scene_Main,Mus_Scenario_DjMeshi__Mus_Scenario_DjMeshi_1500ms__Mus_Scene_Main__725477004.wem,scene_music|story_music,LDA_Music_Story_DjMeshi.bnk|Music_Scene.bnk,Play_Mus_Scenario_DjMeshi|Play_Mus_Scenario_DjMeshi_1500ms|Play_Mus_Scene_Main
audio/Media/726456942.wem,726456942,likely_music_or_ambience,79.004,2,190 kbps,high,Mus_Story_Sad_1__Mus_Story_Sad_1_1500ms,Mus_Story_Sad_1__Mus_Story_Sad_1_1500ms__726456942.wem,story_music,Music_Story_Sad_1.bnk,Play_Mus_Story_Sad_1|Play_Mus_Story_Sad_1_1500ms
audio/Media/75490051.wem,75490051,likely_music_or_ambience,111.25,2,195 kbps,high,Mus_Battle_Triumph__Mus_Battle_Triumph_1500ms,Mus_Battle_Triumph__Mus_Battle_Triumph_1500ms__75490051.wem,battle_music,Music_Battle_Triumph.bnk,Play_Mus_Battle_Triumph|Play_Mus_Battle_Triumph_1500ms
audio/Media/759296528.wem,759296528,likely_music_or_ambience,89.5,2,192 kbps,high,Mus_Scene_Main__Mus_Story_Nostalgic_3__Mus_Story_Nostalgic_3_1500ms_01,Mus_Scene_Main__Mus_Story_Nostalgic_3__Mus_Story_Nostalgic_3_1500ms_01__759296528.wem,music|scene_music,Music_Nostalgic_3.bnk|Music_Scene.bnk,Play_Mus_Scene_Main|Play_Mus_Story_Nostalgic_3|Play_Mus_Story_Nostalgic_3_1500ms_01
audio/Media/768294976.wem,768294976,possibly_music_ambience_or_long_sfx,59.5,2,198 kbps,high,Mus_Story_Anger_1__Mus_Story_Anger_1_1500ms,Mus_Story_Anger_1__Mus_Story_Anger_1_1500ms__768294976.wem,story_music,Music_Story_Anger_1.bnk,Play_Mus_Story_Anger_1|Play_Mus_Story_Anger_1_1500ms
audio/Media/778071800.wem,778071800,likely_music_or_ambience,113.06700000000001,2,173 kbps,high,Mus_Scenario_Dormitory__Mus_Scenario_Dormitory_1500ms__Mus_Scene_CityLYDay__Mus_Scene_CityLYEve,Mus_Scenario_Dormitory__Mus_Scenario_Dormitory_1500ms__Mus_Scene_CityLYDay__Mus_Scene_CityLYEve__778071800.wem,scene_music|story_music,Music_Scene_CityLYDay.bnk|Music_Scene_CityLYEve.bnk|Music_Story_Dormitory.bnk,Play_Mus_Scenario_Dormitory|Play_Mus_Scenario_Dormitory_1500ms|Play_Mus_Scene_CityLYDay|Play_Mus_Scene_CityLYEve
audio/Media/784415476.wem,784415476,likely_music_or_ambience,127.447,2,169 kbps,high,Mus_Battle_DreamGen__Mus_Battle_DreamGen_1500ms,Mus_Battle_DreamGen__Mus_Battle_DreamGen_1500ms__784415476.wem,battle_music,Music_Battle_DreamGen.bnk,Play_Mus_Battle_DreamGen|Play_Mus_Battle_DreamGen_1500ms
audio/Media/788761905.wem,788761905,possibly_music_ambience_or_long_sfx,46.288,2,150 kbps,high,Amb_Scene_CityLYDay__Amb_Scene_CityLYEve__Amb_Battle_Weather,Amb_Scene_CityLYDay__Amb_Scene_CityLYEve__Amb_Battle_Weather__788761905.wem,non_music_bank,bnk_sfx_amb_state.bnk,Play_Amb_Scene_CityLYDay|Play_Amb_Scene_CityLYEve|play_Amb_Battle_Weather
audio/Media/80086661.wem,80086661,likely_music_or_ambience,95.0,2,169 kbps,high,Mus_Scenario_Happiness__Mus_Scenario_Happiness_2500ms,Mus_Scenario_Happiness__Mus_Scenario_Happiness_2500ms__80086661.wem,story_music,Music_Story_Happiness.bnk,Play_Mus_Scenario_Happiness|Play_Mus_Scenario_Happiness_2500ms
audio/Media/815135894.wem,815135894,possibly_music_ambience_or_long_sfx,22.807,2,103 kbps,high,Amb_Scene_CityLYDay__Amb_Scene_CityLYEve__Amb_Battle_Weather,Amb_Scene_CityLYDay__Amb_Scene_CityLYEve__Amb_Battle_Weather__815135894.wem,non_music_bank,bnk_sfx_amb_state.bnk,Play_Amb_Scene_CityLYDay|Play_Amb_Scene_CityLYEve|play_Amb_Battle_Weather
audio/Media/821367877.wem,821367877,likely_music_or_ambience,122.5,2,193 kbps,high,Mus_Battle_Evil__Mus_Battle_Evil_1500ms,Mus_Battle_Evil__Mus_Battle_Evil_1500ms__821367877.wem,battle_music,Music_Battle_Evil.bnk,Play_Mus_Battle_Evil|Play_Mus_Battle_Evil_1500ms
audio/Media/85159832.wem,85159832,possibly_music_ambience_or_long_sfx,52.829,2,82 kbps,high,Amb_Scene_CityLYDay__Amb_Scene_CityLYEve__Amb_Battle_Weather,Amb_Scene_CityLYDay__Amb_Scene_CityLYEve__Amb_Battle_Weather__85159832.wem,non_music_bank,bnk_sfx_amb_state.bnk,Play_Amb_Scene_CityLYDay|Play_Amb_Scene_CityLYEve|play_Amb_Battle_Weather
audio/Media/855895306.wem,855895306,likely_music_or_ambience,107.0,2,187 kbps,high,Mus_Scenario_Promise__Mus_Scenario_Promise_2500ms,Mus_Scenario_Promise__Mus_Scenario_Promise_2500ms__855895306.wem,story_music,Music_Story_Promise.bnk,Play_Mus_Scenario_Promise|Play_Mus_Scenario_Promise_2500ms
audio/Media/857249375.wem,857249375,likely_music_or_ambience,132.124,2,211 kbps,high,Mus_Battle_Forged__Mus_Battle_Forged_1500ms,Mus_Battle_Forged__Mus_Battle_Forged_1500ms__857249375.wem,battle_music,Music_Battle_Forged.bnk,Play_Mus_Battle_Forged|Play_Mus_Battle_Forged_1500ms
audio/Media/870556335.wem,870556335,likely_music_or_ambience,173.5,2,189 kbps,high,Mus_Scenario_Sea__Mus_Scene_Main,Mus_Scenario_Sea__Mus_Scene_Main__870556335.wem,scene_music|story_music,Music_Scene.bnk|Music_Story_Sea.bnk,Play_Mus_Scenario_Sea|Play_Mus_Scene_Main
audio/Media/874439383.wem,874439383,likely_music_or_ambience,116.0,2,174 kbps,high,Mus_Scenario_CityLY_SheriffDaily__Mus_Scenario_CityLY_SheriffDaily_1500ms__Mus_Scenario_SheriffDaily__Mus_Scenario_SheriffDaily_1500ms__multiple,Mus_Scenario_CityLY_SheriffDaily__Mus_Scenario_CityLY_SheriffDaily_1500ms__Mus_Scenario_SheriffDaily__Mus_Scenario_SheriffDaily_1500ms__multiple__874439383.wem,scene_music|story_music,Music_Scene_CityLYDay.bnk|Music_Story_CityLY_SheriffDaily.bnk|Music_Story_SheriffDaily.bnk,Play_Mus_Scenario_CityLY_SheriffDaily|Play_Mus_Scenario_CityLY_SheriffDaily_1500ms|Play_Mus_Scenario_SheriffDaily|Play_Mus_Scenario_SheriffDaily_1500ms|Play_Mus_Scene_CityLYDay
audio/Media/889761297.wem,889761297,likely_music_or_ambience,126.0,2,192 kbps,high,Mus_Battle_Tragic__Mus_Battle_Tragic_1500ms,Mus_Battle_Tragic__Mus_Battle_Tragic_1500ms__889761297.wem,battle_music,Music_Battle_Tragic.bnk,Play_Mus_Battle_Tragic|Play_Mus_Battle_Tragic_1500ms
audio/Media/890379475.wem,890379475,likely_music_or_ambience,115.75,2,182 kbps,high,Mus_Scene_Main__Mus_Story_Dark__Mus_Story_Dark_1500ms,Mus_Scene_Main__Mus_Story_Dark__Mus_Story_Dark_1500ms__890379475.wem,scene_music|story_music,Music_Scene.bnk|Music_Story_Dark.bnk,Play_Mus_Scene_Main|Play_Mus_Story_Dark|Play_Mus_Story_Dark_1500ms
audio/Media/894146897.wem,894146897,likely_music_or_ambience,86.905,2,173 kbps,high,Mus_Scenario_FamiliarFriend,Mus_Scenario_FamiliarFriend__894146897.wem,story_music,Music_Story_FamiliarFriend.bnk,Play_Mus_Scenario_FamiliarFriend
audio/Media/901279376.wem,901279376,likely_music_or_ambience,136.444,2,197 kbps,high,Mus_Battle_Silver__Mus_Battle_Silver_1500ms,Mus_Battle_Silver__Mus_Battle_Silver_1500ms__901279376.wem,battle_music,Music_Battle_Silver.bnk,Play_Mus_Battle_Silver|Play_Mus_Battle_Silver_1500ms
audio/Media/90238549.wem,90238549,likely_music_or_ambience,67.0,2,190 kbps,high,Mus_Scenario_Hesitant__Mus_Scenario_Hesitant_1500ms,Mus_Scenario_Hesitant__Mus_Scenario_Hesitant_1500ms__90238549.wem,story_music,Music_Story_Hesitant.bnk,Play_Mus_Scenario_Hesitant|Play_Mus_Scenario_Hesitant_1500ms
audio/Media/906001149.wem,906001149,possibly_music_ambience_or_long_sfx,30.924,2,30 kbps,high,Amb_Scene_CityLYDay__Amb_Scene_CityLYEve__Amb_Battle_Weather,Amb_Scene_CityLYDay__Amb_Scene_CityLYEve__Amb_Battle_Weather__906001149.wem,non_music_bank,bnk_sfx_amb_state.bnk,Play_Amb_Scene_CityLYDay|Play_Amb_Scene_CityLYEve|play_Amb_Battle_Weather
audio/Media/945219079.wem,945219079,likely_music_or_ambience,143.63400000000001,2,172 kbps,high,Mus_Scene_Rivia_B,Mus_Scene_Rivia_B__945219079.wem,scene_music,Music_Scene_Rivia_B.bnk,Play_Mus_Scene_Rivia_B
audio/Media/94702788.wem,94702788,likely_music_or_ambience,118.25,2,199 kbps,high,Mus_Battle_TaluoGeneral__Mus_Battle_TaluoGeneral_1500ms,Mus_Battle_TaluoGeneral__Mus_Battle_TaluoGeneral_1500ms__94702788.wem,battle_music,Music_Battle_TaluoGeneral.bnk,Play_Mus_Battle_TaluoGeneral|Play_Mus_Battle_TaluoGeneral_1500ms
audio/Media/951805876.wem,951805876,possibly_music_ambience_or_long_sfx,26.324,2,147 kbps,high,Amb_Scene_CityLYDay__Amb_Scene_CityLYEve__Amb_Battle_Weather,Amb_Scene_CityLYDay__Amb_Scene_CityLYEve__Amb_Battle_Weather__951805876.wem,non_music_bank,bnk_sfx_amb_state.bnk,Play_Amb_Scene_CityLYDay|Play_Amb_Scene_CityLYEve|play_Amb_Battle_Weather
audio/Media/953029036.wem,953029036,possibly_music_ambience_or_long_sfx,27.029,2,160 kbps,missing,,,,,
audio/Media/953810460.wem,953810460,likely_music_or_ambience,82.5,2,179 kbps,high,Mus_Scenario_End__Mus_Scenario_End_1500ms,Mus_Scenario_End__Mus_Scenario_End_1500ms__953810460.wem,story_music,Music_Story_End.bnk,Play_Mus_Scenario_End|Play_Mus_Scenario_End_1500ms
audio/Media/95966976.wem,95966976,likely_music_or_ambience,92.101,2,166 kbps,high,Mus_Scenario_RucciaMyth,Mus_Scenario_RucciaMyth__95966976.wem,story_music,Music_Story_RucciaMyth.bnk,Play_Mus_Scenario_RucciaMyth
audio/Media/973419323.wem,973419323,likely_music_or_ambience,83.0,2,180 kbps,high,Mus_Scenario_Sacred__Mus_Scenario_Sacred_2500ms,Mus_Scenario_Sacred__Mus_Scenario_Sacred_2500ms__973419323.wem,story_music,Music_Story_Sacred.bnk,Play_Mus_Scenario_Sacred|Play_Mus_Scenario_Sacred_2500ms
audio/Media/982631842.wem,982631842,likely_music_or_ambience,128.75,2,194 kbps,high,Mus_Battle_Tough__Mus_Battle_Tough_1500ms,Mus_Battle_Tough__Mus_Battle_Tough_1500ms__982631842.wem,battle_music,Music_Battle_Tough.bnk,Play_Mus_Battle_Tough|Play_Mus_Battle_Tough_1500ms
audio/Media/986454675.wem,986454675,likely_music_or_ambience,176.788,2,175 kbps,high,Mus_Scenario_Thevagabond__Mus_Scenario_Thevagabond_1500ms__Mus_Scene_Main__Mus_Scene_Thevagabond,Mus_Scenario_Thevagabond__Mus_Scenario_Thevagabond_1500ms__Mus_Scene_Main__Mus_Scene_Thevagabond__986454675.wem,scene_music|story_music,Music_Scene.bnk|Music_Scene_Thevagabond.bnk|Music_Story_Thevagabond.bnk,Play_Mus_Scenario_Thevagabond|Play_Mus_Scenario_Thevagabond_1500ms|Play_Mus_Scene_Main|Play_Mus_Scene_Thevagabond
audio/Media/993781843.wem,993781843,possibly_music_ambience_or_long_sfx,50.687,2,110 kbps,high,Amb_Scene_CityLYDay__Amb_Scene_CityLYEve__Amb_Battle_Weather,Amb_Scene_CityLYDay__Amb_Scene_CityLYEve__Amb_Battle_Weather__993781843.wem,non_music_bank,bnk_sfx_amb_state.bnk,Play_Amb_Scene_CityLYDay|Play_Amb_Scene_CityLYEve|play_Amb_Battle_Weather
audio/Media/997552781.wem,997552781,likely_music_or_ambience,115.75,2,194 kbps,high,Mus_Scene_Main__Mus_Story_Tranquil__Mus_Story_Tranquil_1500ms,Mus_Scene_Main__Mus_Story_Tranquil__Mus_Story_Tranquil_1500ms__997552781.wem,scene_music|story_music,Music_Scene.bnk|Music_Story_Tranquil.bnk,Play_Mus_Scene_Main|Play_Mus_Story_Tranquil|Play_Mus_Story_Tranquil_1500ms
