path_id,type,name,tag,layer,component_count,game_object,local_position,local_scale
12,GameObject,Cube (4),,0,3,,,
13,GameObject,Point Light (4),,0,3,,,
14,GameObject,Cube,,0,3,,,
15,GameObject,NoEntrance,,0,2,,,
16,GameObject,Cube (3),,0,3,,,
17,GameObject,Cube,,0,3,,,
18,GameObject,fangdaoshuibei (1),,0,3,,,
19,GameObject,Light (6),,0,3,,,
20,GameObject,Particle System (1),,0,3,,,
21,GameObject,Lighting_bake,,0,1,,,
22,GameObject,Cylinder (1),,9,3,,,
23,GameObject,light01,,0,3,,,
24,GameObject,Particle System (1),,0,3,,,
25,GameObject,Cylinder (5),,9,3,,,
26,GameObject,shadowonly (1),,9,3,,,
27,GameObject,UI,,9,1,,,
28,GameObject,Cylinder (1),,9,3,,,
29,GameObject,Volumetric Light Beam (2),,26,3,,,
30,GameObject,NMS-alm-arena-00101,,0,2,,,
31,GameObject,Light (7),,0,3,,,
32,GameObject,fire (8),,0,3,,,
33,GameObject,Cylinder (2),,9,3,,,
34,GameObject,Cylinder (2),,0,4,,,
35,GameObject,Light (4),,0,3,,,
36,GameObject,Cube (7),,0,3,,,
37,GameObject,Volumetric Light Beam (1),,26,3,,,
38,GameObject,Auxlight (21),,0,3,,,
39,GameObject,block_root,,0,1,,,
40,GameObject,Cylinder (6),,9,3,,,
41,GameObject,MainLight_bake,,0,3,,,
42,GameObject,Cube (2),,0,3,,,
43,GameObject,Particle System (1),,0,3,,,
44,GameObject,sound_2D,,0,3,,,
45,GameObject,fire (8),,0,3,,,
46,GameObject,Cube (6),,0,3,,,
47,GameObject,RainOptimized,,0,3,,,
48,GameObject,Cylinder (2),,9,3,,,
49,GameObject,Light (5),,0,3,,,
50,GameObject,Cylinder,,0,4,,,
51,GameObject,Cube (5),,0,3,,,
52,GameObject,MainLight_bake (1),,0,3,,,
53,GameObject,bakelight,,0,2,,,
54,GameObject,Auxlight (20),,0,3,,,
55,GameObject,Cube (1),,0,4,,,
56,GameObject,Light (2),,0,3,,,
57,GameObject,Volumetric Light Beam,,26,3,,,
58,GameObject,Cylinder (5),,9,3,,,
59,GameObject,Point Light,,0,3,,,
60,GameObject,Cylinder (1),,0,4,,,
61,GameObject,MapTool,,0,1,,,
62,GameObject,floor_material,,0,3,,,
63,GameObject,fire (8),,0,3,,,
64,GameObject,Map,,0,4,,,
65,GameObject,fire (8),,0,3,,,
66,GameObject,Cube (1),,0,3,,,
67,GameObject,Light (7),,0,3,,,
68,GameObject,props_root,,9,2,,,
69,GameObject,Cube,,0,4,,,
70,GameObject,Volumetric Light Beam (3),,26,3,,,
71,GameObject,light-adjust,,0,2,,,
72,GameObject,ShadowOnly-r,,0,1,,,
73,GameObject,Light (6),,0,3,,,
74,GameObject,effect,,0,2,,,
75,GameObject,rainparticle,,0,1,,,
76,GameObject,Cube,,0,4,,,
77,GameObject,Cube (7),,0,3,,,
78,GameObject,realtime,,0,2,,,
79,GameObject,Point Light (5),,0,3,,,
80,GameObject,ShadowOnly-b,,0,1,,,
81,GameObject,indicator,,0,1,,,
82,GameObject,Cylinder (3),,9,3,,,
83,GameObject,Point Light (2),,0,3,,,
84,GameObject,particle_light,,0,3,,,
85,GameObject,Spot light,,0,3,,,
86,GameObject,Cube (5),,0,3,,,
87,GameObject,Cylinder (3),,0,3,,,
88,GameObject,setting_event_root,,0,1,,,
89,GameObject,light01 (1),,0,3,,,
90,GameObject,Point Light (3),,0,3,,,
91,GameObject,zuoyi05 (1),,0,4,,,
92,GameObject,Cube,,0,3,,,
93,GameObject,post Volume,,0,2,,,
94,GameObject,Auxlight,,0,3,,,
95,GameObject,Cube (1),,0,3,,,
96,GameObject,Cube (4),,0,3,,,
97,GameObject,Light (3),,0,3,,,
98,GameObject,Point Light (1),,0,3,,,
99,GameObject,flag (1),,0,3,,,
100,GameObject,Cylinder (5),,9,3,,,
101,GameObject,zuoyi05 (2),,0,4,,,
102,GameObject,shadowonly,,9,3,,,
103,GameObject,Light Probe Group,,0,2,,,
104,GameObject,Light (2),,0,3,,,
105,GameObject,portal_root,,0,1,,,
106,GameObject,Cube (2),,0,3,,,
107,GameObject,RoadBlock,,0,2,,,
108,GameObject,Cylinder,,9,3,,,
109,GameObject,GameObject,,9,1,,,
110,GameObject,Cube (6),,0,3,,,
111,GameObject,Particle System (1),,0,3,,,
112,GameObject,sound,,0,1,,,
113,GameObject,Cube (3),,0,3,,,
114,GameObject,RainOptimized (1),,0,3,,,
115,GameObject,fog,,0,2,,,
116,GameObject,Cube,,10,3,,,
117,GameObject,Cube,,10,3,,,
118,GameObject,Cube,,10,3,,,
119,GameObject,Cube,,10,3,,,
120,GameObject,Cube,,10,3,,,
121,GameObject,Cube,,10,3,,,
122,GameObject,Cube,,10,3,,,
123,GameObject,Cube,,10,3,,,
124,GameObject,Cube,,10,3,,,
125,GameObject,Cube,,10,3,,,
126,GameObject,Cube,,10,3,,,
127,GameObject,Cube,,10,3,,,
128,GameObject,Cube,,10,3,,,
129,GameObject,Cube,,10,3,,,
130,GameObject,Cube,,10,3,,,
131,GameObject,Cube,,10,3,,,
132,GameObject,Cube,,10,3,,,
133,GameObject,Cube,,10,3,,,
134,GameObject,Cube,,10,3,,,
135,GameObject,Cube,,10,3,,,
136,GameObject,Cube,,10,3,,,
137,GameObject,Cube,,10,3,,,
138,GameObject,Cube,,10,3,,,
139,GameObject,Cube,,10,3,,,
140,GameObject,Cube,,10,3,,,
141,GameObject,Cube,,10,3,,,
142,GameObject,Cube,,10,3,,,
143,GameObject,Cube,,10,3,,,
144,GameObject,Cube,,10,3,,,
145,GameObject,Cube,,10,3,,,
146,GameObject,Cube,,10,3,,,
147,GameObject,Cube,,10,3,,,
148,GameObject,Cube,,10,3,,,
149,GameObject,Cube,,10,3,,,
150,GameObject,Cube,,10,3,,,
151,GameObject,props_string00_left,,0,3,,,
152,GameObject,props_plate01_bacon,,0,3,,,
153,GameObject,dls_virtual-jiaju-bloodnight_shelf01_a2,,0,3,,,
154,GameObject,props_woodbarrel01_water,,0,3,,,
155,GameObject,props_woodbox00_ironcorner (2),,0,3,,,
156,GameObject,props_woodbox00_ironcorner (1),,0,3,,,
157,GameObject,props_woodbox00_ironcorner,,0,3,,,
158,GameObject,props_woodbox00_ironcorner (3),,0,3,,,
159,GameObject,jiaju_shadow02,,0,3,,,
160,GameObject,props_sacks00,,0,3,,,
161,GameObject,props_board02,,0,3,,,
162,GameObject,props_soupbowl01_right,,0,3,,,
163,GameObject,props_bottle00_blue_right,,0,3,,,
164,GameObject,props_boardstone01,,0,3,,,
165,GameObject,posuipanzi02,,0,3,,,
166,GameObject,capital_alm-arena-00101,,0,1,,,
167,GameObject,BG-plane,,9,3,,,
168,GameObject,capital-jiuguan-brokensprite,,0,1,,,
169,GameObject,props_candle04_left,,0,3,,,
170,GameObject,props_candle04_left-shad,,0,3,,,
171,GameObject,jiaju_shadow09 (1),,0,3,,,
172,GameObject,props_woodbarrel00 (1),,0,3,,,
173,GameObject,props_bottle00_green_left,,0,3,,,
174,GameObject,props_bottle00_green_left (1),,0,3,,,
175,GameObject,scenefx_candle_fire,,0,3,,,
176,GameObject,props_weapon01,,0,3,,,
177,GameObject,jiaju_shadow08,,0,3,,,
178,GameObject,posuijiuping2,,0,3,,,
179,GameObject,props_woodwheel00_d,,0,3,,,
180,GameObject,jiaju_shadow09,,0,3,,,
181,GameObject,props_paper01 (1),,0,3,,,
182,GameObject,props_paper01,,0,3,,,
183,GameObject,props_woodbox00_dustsheet (1),,0,3,,,
184,GameObject,props_woodbox00_dustsheet,,0,3,,,
185,GameObject,props_woodtable01,,0,3,,,
186,GameObject,dls_virtual-jiaju-bloodnight_barrel01_a3,,0,3,,,
187,GameObject,props_paper02 (2),,0,3,,,
188,GameObject,props_paper02,,0,3,,,
189,GameObject,props_paper02 (1),,0,3,,,
190,GameObject,props_plate04_bread,,0,3,,,
191,GameObject,Portal_Spawn,,0,6,,,
192,GameObject,props_jar07_right,,0,3,,,
193,GameObject,props_board05,,0,3,,,
194,GameObject,Particle System (5),,0,4,,,
195,GameObject,men02,,0,3,,,
196,GameObject,beimian01,,0,4,,,
197,GameObject,props_ironlight02,,0,3,,,
198,GameObject,zhuzi01,,0,4,,,
199,GameObject,props_handcuffs05 (1),,0,3,,,
200,GameObject,props_handcuffs05,,0,3,,,
201,GameObject,props_candle05 (1),,0,3,,,
202,GameObject,props_lowtable00_smallsword,,0,3,,,
203,GameObject,qiang02,,0,4,,,
204,GameObject,props_armour00_right,,0,3,,,
205,GameObject,posuijiuping1,,0,3,,,
206,GameObject,props_weapon04 (1),,0,3,,,
207,GameObject,jiaju_shadow02 (1),,0,3,,,
208,GameObject,cangeng,,0,3,,,
209,GameObject,props_paper00 (2),,0,3,,,
210,GameObject,props_paper00 (1),,0,3,,,
211,GameObject,props_paper00,,0,3,,,
212,GameObject,props_fruitbox01_slant,,0,3,,,
213,GameObject,props_fruitbox01_slant (1),,0,3,,,
214,GameObject,dls_virtual-jiaju-bloodnight_shelf01_a1,,0,3,,,
215,GameObject,props_boardstone05,,0,3,,,
216,GameObject,props_jar06_right,,0,3,,,
217,GameObject,dls_virtual-jiaju-bloodnight_shelf01_a,,0,3,,,
218,GameObject,props_woodbox02_original.001,,0,3,,,
219,GameObject,props_woodbox02_original.001 (2),,0,3,,,
220,GameObject,props_woodbox02_original.001 (1),,0,3,,,
221,GameObject,jiaju_shadow01,,0,3,,,
222,GameObject,dls_virtual-jiaju-bloodnight_barrel01_a1,,0,3,,,
223,GameObject,props_woodladder00,,0,3,,,
224,GameObject,jiuping1,,0,3,,,
225,GameObject,props_cup03_left,,0,3,,,
226,GameObject,props_cup03_left (2),,0,3,,,
227,GameObject,props_cup01_left,,0,3,,,
228,GameObject,props_weaponrack08,,0,3,,,
229,GameObject,dls_virtual-jiaju-bloodnight_barrel01_a,,0,3,,,
230,GameObject,sadeshui,,0,3,,,
231,GameObject,dimian01,,0,5,,,
232,GameObject,props_weaponrack07,,0,3,,,
233,GameObject,TopCamera,,0,3,,,
234,GameObject,props_boardstone00,,0,3,,,
235,GameObject,props_handcuffs02,,0,3,,,
236,GameObject,props_jar00,,0,3,,,
237,GameObject,props_water_breaker01_right,,0,3,,,
238,GameObject,posuipanzi01,,0,3,,,
239,GameObject,props_weapon02,,0,3,,,
240,GameObject,props_huopen02,,0,3,,,
241,GameObject,props_huopen02 (1),,0,3,,,
242,GameObject,props_woodbarrel01,,0,3,,,
243,GameObject,props_woodbarrel00_slant,,0,3,,,
244,GameObject,jiuping2,,0,3,,,
245,GameObject,props_shield01_left (1),,0,3,,,
246,GameObject,fangdaoshuibei,,0,3,,,
247,GameObject,camera,,0,9,,,
248,GameObject,props_winejar00_steel_right,,0,3,,,
249,GameObject,props_tablecloth,,0,3,,,
250,GameObject,props_handcuffs03,,0,3,,,
251,GameObject,flag,,0,3,,,
252,GameObject,props_mow01 (2),,0,3,,,
253,GameObject,props_mow01 (4),,0,3,,,
254,GameObject,props_mow01,,0,3,,,
255,GameObject,props_mow01 (1),,0,3,,,
256,GameObject,props_mow01 (3),,0,3,,,
257,GameObject,props_mow02 (4),,0,3,,,
258,GameObject,props_mow02 (1),,0,3,,,
259,GameObject,props_mow02 (3),,0,3,,,
260,GameObject,props_mow02,,0,3,,,
261,GameObject,props_mow02 (2),,0,3,,,
262,GameObject,props_mow02 (5),,0,3,,,
263,GameObject,empty0,,24,3,,,
264,GameObject,empty (18),,24,3,,,
265,GameObject,empty (6),,24,3,,,
266,GameObject,empty (7),,24,3,,,
267,GameObject,empty (19),,24,3,,,
268,GameObject,empty (1),,24,3,,,
269,GameObject,empty (15),,24,3,,,
270,GameObject,empty (28),,24,3,,,
271,GameObject,empty (10),,24,3,,,
272,GameObject,empty (3),,24,3,,,
273,GameObject,empty (20),,24,3,,,
274,GameObject,empty (21),,24,3,,,
275,GameObject,empty (22),,24,3,,,
276,GameObject,empty (9),,24,3,,,
277,GameObject,empty (12),,24,3,,,
278,GameObject,empty (17),,24,3,,,
279,GameObject,empty (2),,24,3,,,
280,GameObject,empty (4),,24,3,,,
281,GameObject,empty0 (2),,24,3,,,
282,GameObject,empty (25),,24,3,,,
283,GameObject,empty (24),,24,3,,,
284,GameObject,empty (23),,24,3,,,
285,GameObject,empty (27),,24,3,,,
286,GameObject,empty (29),,24,3,,,
287,GameObject,empty (14),,24,3,,,
288,GameObject,empty (8),,24,3,,,
289,GameObject,empty (26),,24,3,,,
290,GameObject,empty (5),,24,3,,,
291,GameObject,empty (31),,24,3,,,
292,GameObject,empty (30),,24,3,,,
293,GameObject,empty,,24,3,,,
294,GameObject,empty (11),,24,3,,,
295,GameObject,empty0 (1),,24,3,,,
296,GameObject,empty (16),,24,3,,,
297,GameObject,empty (13),,24,3,,,
298,GameObject,jiaju_shadow01,,0,3,,,
299,GameObject,dls_virtual-jiaju-bloodnight_barrel01_a2,,0,3,,,
300,GameObject,props_weaponrack06,,0,3,,,
301,GameObject,sadejiu,,0,3,,,
302,GameObject,dls_virtual-jiaju-bloodnight_barrel01_a4,,0,3,,,
303,GameObject,tod,,0,2,,,
304,GameObject,dls_virtual-jiaju-bloodnight_boxingpost,,0,3,,,
305,GameObject,jiaju_shadow01 (1),,0,3,,,
306,GameObject,props_woodbox01_original,,0,3,,,
307,GameObject,men01,,0,3,,,
308,Transform,,,,,12,"9.269999504089355,10.380000114440918,-6.600000381469727","0.012545999139547348,11.550689697265625,31.87701416015625"
309,Transform,,,,,13,"6.960000038146973,2.5,3.2200000286102295","1.0,1.0,1.0"
310,Transform,,,,,14,"11.219999313354492,10.380000114440918,-0.7699999809265137","0.012545999139547348,0.5363906621932983,31.87701416015625"
311,Transform,,,,,15,"0.0,0.0,0.0","1.0,1.0,1.0"
312,Transform,,,,,16,"9.269999504089355,10.380000114440918,0.6800000071525574","0.012545999139547348,0.5442827939987183,31.87701416015625"
313,Transform,,,,,17,"11.219999313354492,10.380000114440918,-0.7699999809265137","0.012545999139547348,0.5363906621932983,31.87701416015625"
314,Transform,,,,,18,"1.2869999408721924,0.006500000134110451,2.9079999923706055","1.0,1.0,-1.0"
315,Transform,,,,,19,"0.028999999165534973,1.347000002861023,-0.020999999716877937","1.0,1.0,1.0"
316,Transform,,,,,20,"-0.09200000017881393,0.07999999821186066,-0.09000000357627869","1.567643642425537,1.3048057556152344,0.6747641563415527"
317,Transform,,,,,21,"0.0,0.0,0.0","1.0,1.0,1.0"
318,Transform,,,,,22,"0.10119998455047607,-0.11419996619224548,0.0008000185480341315","0.46720996499061584,0.0037899999879300594,0.24206997454166412"
319,Transform,,,,,23,"3.4800000190734863,1.9730000495910645,9.836000442504883","1.0,1.0,1.0"
320,Transform,,,,,24,"-0.09200000017881393,0.07999999821186066,-0.09000000357627869","1.567643642425537,1.3048057556152344,0.6747641563415527"
321,Transform,,,,,25,"-0.026799678802490234,0.09499996900558472,-0.043800000101327896","0.5489099621772766,0.022529998794198036,0.5489099621772766"
322,Transform,,,,,26,"0.00800000037997961,-0.00419999985024333,-0.09700000286102295","0.5489065647125244,0.001664256094954908,0.5322362780570984"
323,Transform,,,,,27,"0.0,0.0,0.0","1.0,1.0,1.0"
324,Transform,,,,,28,"0.006399999838322401,-0.07519999891519547,0.0471000000834465","0.2714194357395172,0.0022024798672646284,0.18873950839042664"
325,Transform,,,,,29,"8.979999542236328,3.9700000286102295,10.496000289916992","0.03999999910593033,0.2258499711751938,1.299999713897705"
326,Transform,,,,,30,"0.0,0.0,0.0","1.0,1.0,1.0"
327,Transform,,,,,31,"3.5880000591278076,0.0729999989271164,-0.6990000009536743","1.0,1.0,1.0"
328,Transform,,,,,32,"-0.037000179290771484,1.0189999341964722,-0.04100006818771362","0.7329666614532471,0.4074072241783142,0.40740716457366943"
329,Transform,,,,,33,"0.07000000029802322,0.2849999964237213,0.11699999868869781","0.42724132537841797,0.003466923488304019,0.2970949113368988"
330,Transform,,,,,34,"0.04549980163574219,-0.13649998605251312,0.30719995498657227","0.5235745906829834,0.0017339946934953332,0.27108168601989746"
331,Transform,,,,,35,"-1.1050000190734863,0.7289999723434448,-0.25200000405311584","1.0,1.0,1.0"
332,Transform,,,,,36,"1.8999998569488525,10.380000114440918,3.979999542236328","0.012545999139547348,11.550689697265625,31.87701416015625"
333,Transform,,,,,37,"13.6899995803833,2.503999948501587,8.50100040435791","0.03999999910593033,0.26882797479629517,1.3000000715255737"
334,Transform,,,,,38,"12.486000061035156,0.43700000643730164,-4.327000141143799","1.0,1.0,1.0"
335,Transform,,,,,39,"0.0,0.0,0.0","1.0,1.0,1.0"
336,Transform,,,,,40,"0.03999999910593033,0.1379999965429306,0.0","0.40393194556236267,0.0029468443244695663,0.2525272071361542"
337,Transform,,,,,41,"11.887908935546875,16.59000015258789,2.18999981880188","1.0,1.0,1.0"
338,Transform,,,,,42,"9.269999504089355,10.380000114440918,2.2699999809265137","0.012545999139547348,0.5442827939987183,31.87701416015625"
339,Transform,,,,,43,"-0.09200000017881393,0.07999999821186066,-0.09000000357627869","1.567643642425537,1.3048057556152344,0.6747641563415527"
340,Transform,,,,,44,"0.0,0.0,0.0","1.0,1.0,1.0"
341,Transform,,,,,45,"-0.011699999682605267,0.43959999084472656,-0.012900000438094139","0.7329699993133545,0.4074099063873291,0.40741002559661865"
342,Transform,,,,,46,"18.739999771118164,10.380000114440918,3.979999542236328","0.012545999139547348,11.550689697265625,31.87701416015625"
343,Transform,,,,,47,"12.5,22.200000762939453,17.480243682861328","60.0,0.10000000149011612,40.0"
344,Transform,,,,,48,"-0.01297616958618164,0.0729999840259552,-0.050112370401620865","0.5489099621772766,0.022529998794198036,0.5489099621772766"
345,Transform,,,,,49,"-1.184000015258789,-0.7730000019073486,-0.23499999940395355","1.0,1.0,1.0"
346,Transform,,,,,50,"0.08359909057617188,-0.0176999531686306,0.06509971618652344","0.7828943133354187,0.005203764420002699,0.5690363645553589"
347,Transform,,,,,51,"9.269999504089355,10.380000114440918,9.449999809265137","0.012545999139547348,11.550689697265625,31.87701416015625"
348,Transform,,,,,52,"11.887908935546875,17.34000015258789,2.190000057220459","1.0,1.0,1.0"
349,Transform,,,,,53,"0.0,0.0,0.0","1.0,1.0,1.0"
350,Transform,,,,,54,"-0.12200000137090683,0.7329999804496765,-0.29899999499320984","1.0,1.0,1.0"
351,Transform,,,,,55,"0.20275545120239258,0.28780287504196167,-0.05408816412091255","0.4156700074672699,0.012346283532679081,0.47460463643074036"
352,Transform,,,,,56,"-0.01600000075995922,0.6710000038146973,-0.41499999165534973","1.0,1.0,1.0"
353,Transform,,,,,57,"2.0889999866485596,3.999000072479248,10.550000190734863","0.03999999910593033,0.20572222769260406,1.299999713897705"
354,Transform,,,,,58,"0.028999999165534973,0.12800000607967377,0.035999998450279236","0.2532251477241516,0.0020548386964946985,0.17608757317066193"
355,Transform,,,,,59,"6.51800012588501,1.534000039100647,12.604999542236328","1.0,1.0,1.0"
356,Transform,,,,,60,"0.06459999829530716,-0.3255999982357025,0.1517000049352646","0.40772226452827454,0.001733994809910655,0.22628585994243622"
357,Transform,,,,,61,"0.0,-0.0,0.0","1.0,1.0,1.0"
358,Transform,,,,,62,"8.888999938964844,-0.0,3.1989998817443848","40.035125732421875,41.66257095336914,10.849625587463379"
359,Transform,,,,,63,"-0.037000179290771484,1.0189999341964722,-0.04100006818771362","0.7329666614532471,0.4074072241783142,0.40740716457366943"
360,Transform,,,,,64,"0.0,0.0,0.0","1.0,1.0,1.0"
361,Transform,,,,,65,"-0.011699999682605267,0.43959999084472656,-0.012900000438094139","0.7329699993133545,0.4074099063873291,0.40741002559661865"
362,Transform,,,,,66,"9.199999809265137,10.380000114440918,-0.7699999809265137","0.012545999139547348,0.5363906621932983,31.87701416015625"
363,Transform,,,,,67,"-0.010999999940395355,1.5080000162124634,-0.07100000232458115","1.0,1.0,1.0"
364,Transform,,,,,68,"0.0,0.0,0.0","1.0,1.0,1.0"
365,Transform,,,,,69,"-0.03125,-0.2901333272457123,-0.026649700477719307","0.5309399962425232,0.00465041259303689,0.5309399962425232"
366,Transform,,,,,70,"10.539999961853027,0.5199999809265137,6.130000114440918","0.03999999910593033,1.3987431526184082,2.7469000816345215"
367,Transform,,,,,71,"0.5,0.0,0.5","1.0,1.0,1.0"
368,Transform,,,,,72,"0.0,0.0,0.0","1.0,1.0,1.0"
369,Transform,,,,,73,"4.565999984741211,0.5759999752044678,-0.25200000405311584","1.0,1.0,1.0"
370,Transform,,,,,74,"0.0,0.0,0.0","1.0,1.0,1.0"
371,Transform,,,,,75,"0.0,0.0,0.0","1.0,1.0,1.0"
372,Transform,,,,,76,"-0.07624435424804688,0.06270282715559006,-0.04108811542391777","1.0,0.011037099175155163,0.5130860805511475"
373,Transform,,,,,77,"1.8999998569488525,10.380000114440918,3.979999542236328","0.012545999139547348,11.550689697265625,31.87701416015625"
374,Transform,,,,,78,"0.0,0.0,0.0","1.0,1.0,1.0"
375,Transform,,,,,79,"4.260000228881836,2.2200000286102295,5.429999828338623","1.0,1.0,1.0"
376,Transform,,,,,80,"0.0,0.0,0.0","1.0,1.0,1.0"
377,Transform,,,,,81,"0.0,0.0,0.0","1.0,1.0,1.0"
378,Transform,,,,,82,"0.05299999937415123,-0.5009999871253967,0.14499999582767487","0.4864569902420044,0.003466923488304019,0.2970949113368988"
379,Transform,,,,,83,"10.673999786376953,2.171999931335449,0.8619999885559082","1.0,1.0,1.0"
380,Transform,,,,,84,"-0.10599999874830246,0.5799999833106995,-0.11599999666213989","1.0,1.0,1.0"
381,Transform,,,,,85,"5.150000095367432,3.13100004196167,12.071999549865723","1.0,1.0,1.0"
382,Transform,,,,,86,"9.269999504089355,10.380000114440918,9.449999809265137","0.012550000101327896,11.550689697265625,31.87701988220215"
383,Transform,,,,,87,"0.026000000536441803,0.09640000015497208,0.0625","0.1970927119255066,0.0025254026986658573,0.3463622033596039"
384,Transform,,,,,88,"0.0,0.0,0.0","1.0,1.0,1.0"
385,Transform,,,,,89,"7.170000076293945,1.9730000495910645,9.836000442504883","1.0,1.0,1.0"
386,Transform,,,,,90,"13.866000175476074,2.378000020980835,8.420000076293945","1.0,1.0,1.0"
387,Transform,,,,,91,"2.789599895477295,-0.0020000000949949026,5.769999980926514","1.2000000476837158,1.1999999284744263,1.0"
388,Transform,,,,,92,"0.12600000202655792,-0.5099999904632568,0.05400000140070915","0.5240635275840759,0.01181000005453825,0.5989364981651306"
389,Transform,,,,,93,"11.1953125,1.525146484375,11.359375","1.0,1.0,1.0"
390,Transform,,,,,94,"-4.230000019073486,5.650000095367432,-2.6500000953674316","1.0,1.0,1.0"
391,Transform,,,,,95,"9.199999809265137,10.380000114440918,-0.7699999809265137","0.012545999139547348,0.5363906621932983,31.87701416015625"
392,Transform,,,,,96,"9.269999504089355,10.380000114440918,-6.600000381469727","0.012550000101327896,11.550689697265625,31.87701988220215"
393,Transform,,,,,97,"0.052000001072883606,0.0729999989271164,-0.6990000009536743","1.0,1.0,1.0"
394,Transform,,,,,98,"3.4700000286102295,1.8700000047683716,2.609999895095825","1.0,1.0,1.0"
395,Transform,,,,,99,"8.635000228881836,3.507999897003174,9.998000144958496","1.0,0.9999999403953552,1.0000001192092896"
396,Transform,,,,,100,"0.028999999165534973,0.12800000607967377,0.035999998450279236","0.2532251477241516,0.0020548386964946985,0.17608757317066193"
397,Transform,,,,,101,"2.265000104904175,-0.0020000000949949026,2.3519999980926514","1.2000000476837158,1.1999999284744263,-1.0"
398,Transform,,,,,102,"0.03799999877810478,-0.00419999985024333,0.06400000303983688","0.5489065647125244,0.001664256094954908,0.5322362780570984"
399,Transform,,,,,103,"4.0,2.5,3.5","1.0,1.0,1.0"
400,Transform,,,,,104,"-0.01600000075995922,0.6710000038146973,-0.41499999165534973","1.0,1.0,1.0"
401,Transform,,,,,105,"0.0,0.0,0.0","1.0,1.0,1.0"
402,Transform,,,,,106,"9.269999504089355,10.380000114440918,2.2699999809265137","0.012550000101327896,0.5442800521850586,31.87701988220215"
403,Transform,,,,,107,"0.0,0.0,0.0","1.0,1.0,1.0"
404,Transform,,,,,108,"0.09099999815225601,-0.2199999988079071,0.10599999874830246","0.5657299160957336,0.004590000491589308,0.39339005947113037"
405,Transform,,,,,109,"0.0,0.0,0.0","1.0,1.0,1.0"
406,Transform,,,,,110,"18.739999771118164,10.380000114440918,3.979999542236328","0.012545999139547348,11.550689697265625,31.87701416015625"
407,Transform,,,,,111,"-0.09200000017881393,0.07999999821186066,-0.09000000357627869","1.567643642425537,1.3048057556152344,0.6747641563415527"
408,Transform,,,,,112,"0.0,0.0,0.0","1.0,1.0,1.0"
409,Transform,,,,,113,"9.269999504089355,10.380000114440918,0.6800000071525574","0.012550000101327896,0.5442799925804138,31.877017974853516"
410,Transform,,,,,114,"-2.4000000953674316,23.100000381469727,-3.0","29.18400001525879,0.10000000149011612,40.0"
411,Transform,,,,,115,"0.0,0.0,0.0","1.0,1.0,1.0"
412,Transform,,,,,164,"6.449999809265137,0.9129999876022339,10.472000122070312","1.0,1.0,1.0"
413,Transform,,,,,162,"1.968999981880188,0.31889986991882324,1.9359999895095825","1.0,1.0,1.0"
414,Transform,,,,,163,"2.936000108718872,0.6169999837875366,9.854999542236328","1.0,1.0,1.0"
415,Transform,,,,,161,"6.349999904632568,0.032999999821186066,1.5509999990463257","1.0,1.0,1.0"
416,Transform,,,,,160,"2.1549999713897705,0.21699999272823334,-0.04500000178813934","1.0,1.0,-1.0"
417,Transform,,,,,196,"-0.0,0.0,0.0","1.0,1.0,1.0"
418,Transform,,,,,168,"0.0,0.0,0.0","1.0,1.0,1.0"
419,Transform,,,,,166,"0.0,0.0,0.0","1.0,1.0,1.0"
420,Transform,,,,,167,"15.65999984741211,0.4399999976158142,13.65999984741211","2.799999952316284,0.0,2.5999999046325684"
421,Transform,,,,,169,"0.00800000037997961,0.36399999260902405,0.004000000189989805","1.0,1.0,1.0"
422,Transform,,,,,170,"0.1518000066280365,-0.1404000073671341,0.01510000042617321","1.0,1.0,1.0"
423,Transform,,,,,151,"9.869999885559082,1.218000054359436,4.997000217437744","1.0,1.0,-1.0"
424,Transform,,,,,156,"0.7950000166893005,0.34700000286102295,0.4399999976158142","1.100000023841858,1.100000023841858,1.100000023841858"
425,Transform,,,,,155,"0.7310000061988831,0.3499999940395355,9.668999671936035","1.100000023841858,1.100000023841858,1.100000023841858"
426,Transform,,,,,157,"0.9929999709129333,0.34700000286102295,-0.16200000047683716","1.100000023841858,1.100000023841858,1.100000023841858"
427,Transform,,,,,158,"1.3179999589920044,0.3499999940395355,9.501999855041504","1.100000023841858,1.100000023841858,1.100000023841858"
428,Transform,,,,,154,"8.821999549865723,0.36399999260902405,0.20000000298023224","1.0,1.0,1.0"
429,Transform,,,,,126,"0.0,-0.05000000074505806,0.0","1.0,0.10000000149011612,1.0"
430,Transform,,,,,125,"0.0,-0.05000000074505806,0.0","1.0,0.10000000149011612,1.0"
431,Transform,,,,,124,"0.0,-0.05000000074505806,0.0","1.0,0.10000000149011612,1.0"
432,Transform,,,,,129,"0.0,-0.05000000074505806,0.0","1.0,0.10000000149011612,1.0"
433,Transform,,,,,128,"0.0,-0.05000000074505806,0.0","1.0,0.10000000149011612,1.0"
434,Transform,,,,,127,"0.0,-0.05000000074505806,0.0","1.0,0.10000000149011612,1.0"
435,Transform,,,,,119,"0.0,-0.05000000074505806,0.0","1.0,0.10000000149011612,1.0"
436,Transform,,,,,118,"0.0,-0.05000000074505806,0.0","1.0,0.10000000149011612,1.0"
437,Transform,,,,,117,"0.0,-0.05000000074505806,0.0","1.0,0.10000000149011612,1.0"
438,Transform,,,,,116,"0.0,-0.05000000074505806,0.0","1.0,0.10000000149011612,1.0"
439,Transform,,,,,123,"0.0,-0.05000000074505806,0.0","1.0,0.10000000149011612,1.0"
440,Transform,,,,,122,"0.0,-0.05000000074505806,0.0","1.0,0.10000000149011612,1.0"
441,Transform,,,,,121,"0.0,-0.05000000074505806,0.0","1.0,0.10000000149011612,1.0"
442,Transform,,,,,120,"0.0,-0.05000000074505806,0.0","1.0,0.10000000149011612,1.0"
443,Transform,,,,,141,"0.0,-0.05000000074505806,0.0","1.0,0.10000000149011612,1.0"
444,Transform,,,,,143,"0.0,-0.05000000074505806,0.0","1.0,0.10000000149011612,1.0"
445,Transform,,,,,142,"0.0,-0.05000000074505806,0.0","1.0,0.10000000149011612,1.0"
446,Transform,,,,,150,"0.0,-0.05000000074505806,0.0","1.0,0.10000000149011612,1.0"
447,Transform,,,,,149,"0.0,-0.05000000074505806,0.0","1.0,0.10000000149011612,1.0"
448,Transform,,,,,148,"0.0,-0.05000000074505806,0.0","1.0,0.10000000149011612,1.0"
449,Transform,,,,,147,"0.0,-0.05000000074505806,0.0","1.0,0.10000000149011612,1.0"
450,Transform,,,,,146,"0.0,-0.05000000074505806,0.0","1.0,0.10000000149011612,1.0"
451,Transform,,,,,145,"0.0,-0.05000000074505806,0.0","1.0,0.10000000149011612,1.0"
452,Transform,,,,,144,"0.0,-0.05000000074505806,0.0","1.0,0.10000000149011612,1.0"
453,Transform,,,,,135,"0.0,-0.05000000074505806,0.0","1.0,0.10000000149011612,1.0"
454,Transform,,,,,134,"0.0,-0.05000000074505806,0.0","1.0,0.10000000149011612,1.0"
455,Transform,,,,,133,"0.0,-0.05000000074505806,0.0","1.0,0.10000000149011612,1.0"
456,Transform,,,,,132,"0.0,-0.05000000074505806,0.0","1.0,0.10000000149011612,1.0"
457,Transform,,,,,131,"0.0,-0.05000000074505806,0.0","1.0,0.10000000149011612,1.0"
458,Transform,,,,,130,"0.0,-0.05000000074505806,0.0","1.0,0.10000000149011612,1.0"
459,Transform,,,,,140,"0.0,-0.05000000074505806,0.0","1.0,0.10000000149011612,1.0"
460,Transform,,,,,139,"0.0,-0.05000000074505806,0.0","1.0,0.10000000149011612,1.0"
461,Transform,,,,,138,"0.0,-0.05000000074505806,0.0","1.0,0.10000000149011612,1.0"
462,Transform,,,,,137,"0.0,-0.05000000074505806,0.0","1.0,0.10000000149011612,1.0"
463,Transform,,,,,136,"0.0,-0.05000000074505806,0.0","1.0,0.10000000149011612,1.0"
464,Transform,,,,,152,"2.2709999084472656,0.42899999022483826,9.479999542236328","1.0,1.0,1.0"
465,Transform,,,,,179,"8.144000053405762,0.041999999433755875,9.067999839782715","1.0,1.0,1.0"
466,Transform,,,,,176,"6.26200008392334,0.006000000052154064,3.7739999294281006","0.800000011920929,0.800000011920929,0.800000011920929"
467,Transform,,,,,180,"-0.20800000429153442,0.008999999612569809,0.07599999755620956","0.28133445978164673,0.881598949432373,0.5634300112724304"
468,Transform,,,,,159,"0.29600000381469727,-0.0,-0.12200000137090683","0.5966986417770386,0.43436676263809204,0.5966986417770386"
469,Transform,,,,,184,"16.02899932861328,0.34200000762939453,5.6620001792907715","1.100000023841858,1.100000023841858,1.100000023841858"
470,Transform,,,,,183,"1.0520000457763672,0.8980000019073486,9.763999938964844","1.100000023841858,1.100000023841858,1.100000023841858"
471,Transform,,,,,222,"0.0,0.0,0.0","1.0,1.0,1.0"
472,Transform,,,,,181,"5.119999885559082,0.004999999888241291,2.9140000343322754","1.0,1.0,1.0"
473,Transform,,,,,182,"5.197999954223633,0.8080000281333923,9.581999778747559","1.0,1.0,1.0"
474,Transform,,,,,175,"-0.020999999716877937,0.5070000290870667,-0.023000000044703484","0.4964686632156372,0.22429805994033813,0.22429797053337097"
475,Transform,,,,,172,"15.282999992370605,0.30518364906311035,5.6449995040893555","1.100000023841858,1.100000023841858,1.100000023841858"
476,Transform,,,,,171,"-0.12839999794960022,0.008999999612569809,-0.42579999566078186","0.1960882544517517,0.331370085477829,0.331370085477829"
477,Transform,,,,,174,"3.0320000648498535,0.7580000162124634,9.755999565124512","1.0,1.0,1.0"
478,Transform,,,,,173,"2.4049999713897705,0.8420000076293945,2.078000068664551","1.0,1.0,1.0"
479,Transform,,,,,186,"0.0,0.0,0.0","1.0,1.0,1.0"
480,Transform,,,,,203,"-0.0,0.0,0.0","1.0,1.0,1.0"
481,Transform,,,,,197,"15.300999641418457,1.0950000286102295,5.704999923706055","0.8999999761581421,0.8999999761581421,0.8999999761581421"
482,Transform,,,,,246,"2.4019999504089355,0.4805999994277954,1.6779999732971191","1.0,1.0,1.0"
483,Transform,,,,,231,"-0.0,0.0,0.0","1.0,1.0,1.0"
484,Transform,,,,,191,"4.849999904632568,0.5080000162124634,4.190000057220459","0.5,1.0,0.5"
485,Transform,,,,,200,"3.5179998874664307,0.8130000233650208,9.5649995803833","1.0,1.2000000476837158,-1.0"
486,Transform,,,,,199,"7.1449995040893555,0.8130000233650208,9.5649995803833","1.0,1.2000000476837158,-1.0"
487,Transform,,,,,201,"2.5929999351501465,0.3714999854564667,9.751999855041504","1.0,1.0,1.0"
488,Transform,,,,,221,"-0.008999999612569809,0.0,-0.00800000037997961","1.0800000429153442,1.0800000429153442,1.0800000429153442"
489,Transform,,,,,194,"-0.20000000298023224,0.0,0.0","1.0,1.0,1.0"
490,Transform,,,,,303,"0.0,0.0,0.0","1.0,1.0,1.0"
491,Transform,,,,,190,"1.7760000228881836,0.414000004529953,9.682999610900879","1.0,1.0,1.0"
492,Transform,,,,,187,"5.61899995803833,0.012000000104308128,0.8500000238418579","1.0,1.0,-1.0"
493,Transform,,,,,188,"6.691999912261963,0.8050000071525574,12.079000473022461","1.0,1.0,1.0"
494,Transform,,,,,189,"6.146999835968018,0.40799999237060547,8.62399959564209","1.0,1.0,1.0"
495,Transform,,,,,230,"3.4630000591278076,0.010999999940395355,7.579999923706055","1.0,1.0,1.0"
496,Transform,,,,,205,"2.068000078201294,0.4819999933242798,2.700000047683716","1.0,1.0,1.0"
497,Transform,,,,,185,"2.3949999809265137,0.2160000056028366,9.692000389099121","1.2000000476837158,1.0,1.0"
498,Transform,,,,,177,"0.20600000023841858,0.00800000037997961,0.0","1.1276999711990356,1.8835999965667725,1.0"
499,Transform,,,,,192,"9.52299976348877,0.3109999895095825,7.02400016784668","1.0,1.0,-1.0"
500,Transform,,,,,193,"8.109999656677246,0.009999999776482582,0.10999999940395355","1.0,1.0,1.0"
501,Transform,,,,,212,"16.024999618530273,0.7839999794960022,5.690000057220459","1.0,1.0,1.0"
502,Transform,,,,,213,"0.8769999742507935,0.7799999713897705,-0.029999999329447746","1.0,1.0,-1.0"
503,Transform,,,,,209,"7.320000171661377,0.024000000208616257,1.3300000429153442","1.0,1.0,-1.0"
504,Transform,,,,,210,"5.011000156402588,0.024000000208616257,7.072000026702881","1.0,1.0,-1.0"
505,Transform,,,,,211,"4.370999813079834,0.8149999976158142,9.857999801635742","1.0,1.0,1.0"
506,Transform,,,,,206,"-0.039090678095817566,0.3909091055393219,0.013635791838169098","0.9090909361839294,0.9090909361839294,0.9090909361839294"
507,Transform,,,,,208,"3.177999973297119,0.48399999737739563,5.640999794006348","1.0,1.0,1.0"
508,Transform,,,,,247,"-7.28000020980835,12.149999618530273,-8.34000015258789","1.0,1.0,1.0"
509,Transform,,,,,195,"-0.0,0.0,0.0","0.9999997615814209,1.0,1.0"
510,Transform,,,,,202,"9.595999717712402,0.15000000596046448,1.069000005722046","1.0,1.0,-1.0"
511,Transform,,,,,244,"3.9619998931884766,0.007000000216066837,5.014999866485596","1.0,1.0,1.0"
512,Transform,,,,,198,"-0.0,0.0,0.0","1.0,1.0,1.0"
513,Transform,,,,,153,"0.017000198364257812,0.0,0.0","1.0,1.0,1.0"
514,Transform,,,,,204,"9.399999618530273,0.6800000071525574,-0.09700000286102295","1.0,1.0,1.0"
515,Transform,,,,,302,"0.0,0.0,0.0","1.0,1.0,1.0"
516,Transform,,,,,207,"-0.2619999945163727,0.0,-0.12999999523162842","1.2713087797164917,0.38658639788627625,0.5310617685317993"
517,Transform,,,,,224,"1.9800000190734863,0.006000000052154064,3.440000057220459","1.0,1.0,1.0"
518,Transform,,,,,228,"9.701000213623047,0.0,8.72599983215332","1.0,1.0,-1.0"
519,Transform,,,,,226,"2.890000104904175,0.38600000739097595,9.517999649047852","1.0,1.0,1.0"
520,Transform,,,,,225,"2.3420000076293945,0.45719999074935913,5.447999954223633","1.0,1.0,1.0"
521,Transform,,,,,227,"2.084399938583374,0.5640000104904175,9.894399642944336","1.0,1.0,1.0"
522,Transform,,,,,223,"14.364999771118164,0.7900000214576721,5.683000087738037","1.0,1.0,-1.0"
523,Transform,,,,,219,"9.583000183105469,0.17800000309944153,2.9790000915527344","1.0,1.0,-1.0"
524,Transform,,,,,218,"9.647000312805176,0.531000018119812,3.2209999561309814","1.0,1.0,1.0"
525,Transform,,,,,220,"9.484999656677246,0.17800000309944153,3.507999897003174","1.0,1.0,-1.0"
526,Transform,,,,,305,"-0.19300000369548798,-0.0,0.34299999475479126","0.2114073932170868,0.3665173053741455,0.4387957453727722"
527,Transform,,,,,298,"0.2409999966621399,-1.4900999758538092e-06,0.2329999953508377","0.7115856409072876,0.7115856409072876,0.7115856409072876"
528,Transform,,,,,216,"2.996000051498413,0.40299999713897705,9.079999923706055","1.0,1.0,1.0"
529,Transform,,,,,215,"2.3320000171661377,0.05000000074505806,8.680000305175781","1.0,1.0,1.0"
530,Transform,,,,,235,"9.979000091552734,0.1940000057220459,8.83899974822998","1.0,1.0,-1.0"
531,Transform,,,,,236,"9.583999633789062,0.367000013589859,7.3460001945495605","1.0,1.0,1.0"
532,Transform,,,,,271,"0.7459999918937683,0.0,0.035999998450279236","1.098760962486267,1.0,1.6439422369003296"
533,Transform,,,,,273,"8.918999671936035,0.0,-0.0020000000949949026","1.281805157661438,1.0,1.022317886352539"
534,Transform,,,,,272,"5.340000152587891,0.800000011920929,12.303000450134277","5.026308059692383,1.0,2.633679151535034"
535,Transform,,,,,274,"9.439000129699707,0.0,7.7210001945495605","1.281805157661438,1.0,0.8539114594459534"
536,Transform,,,,,276,"-0.32899999618530273,0.0,-0.050999999046325684","1.7405683994293213,1.0,1.2407110929489136"
537,Transform,,,,,275,"9.902000427246094,0.0,7.389999866485596","1.281805157661438,1.0,0.8539114594459534"
538,Transform,,,,,264,"9.637999534606934,0.0,0.9599999785423279","1.281805157661438,1.0,3.5653791427612305"
539,Transform,,,,,265,"2.7799999713897705,0.0,5.783999919891357","1.912712574005127,1.0,1.8562177419662476"
540,Transform,,,,,263,"4.769999980926514,0.0,4.730000019073486","10.252023696899414,1.0,10.039580345153809"
541,Transform,,,,,266,"2.319999933242798,0.0,2.3289999961853027","1.912712574005127,1.0,1.8562177419662476"
542,Transform,,,,,267,"9.472999572753906,0.0,2.305000066757202","1.281805157661438,1.0,1.022317886352539"
543,Transform,,,,,269,"7.25,0.0,2.7269999980926514","0.8688437342643738,1.0,0.8084504008293152"
544,Transform,,,,,270,"6.445000171661377,0.800000011920929,10.885000228881836","1.3208959102630615,1.0,1.6725178956985474"
545,Transform,,,,,268,"13.166000366210938,0.0,4.909999847412109","7.1570658683776855,1.0,12.828722953796387"
546,Transform,,,,,289,"7.34499979019165,0.800000011920929,10.628000259399414","1.3208959102630615,1.0,1.6725178956985474"
547,Transform,,,,,290,"2.171999931335449,0.0,8.777999877929688","1.594681978225708,1.0,1.2549077272415161"
548,Transform,,,,,288,"-0.32899999618530273,0.0,2.5399999618530273","1.338898777961731,1.0,0.8483495116233826"
549,Transform,,,,,292,"3.8459999561309814,0.800000011920929,11.418999671936035","1.3208959102630615,1.0,1.6725178956985474"
550,Transform,,,,,293,"-0.7900000214576721,0.0,4.840000152587891","1.2093474864959717,1.0,12.828722953796387"
551,Transform,,,,,294,"2.2239999771118164,0.0,-0.16599999368190765","2.6919643878936768,1.0,1.2740552425384521"
552,Transform,,,,,291,"-0.32899999618530273,0.0,0.3019999861717224","1.7405683994293213,1.0,1.2407110929489136"
553,Transform,,,,,295,"5.340000152587891,0.800000011920929,10.09000015258789","4.058055877685547,1.0,2.1347174644470215"
554,Transform,,,,,296,"9.529999732971191,0.0,4.248000144958496","1.281805157661438,1.0,0.9496058225631714"
555,Transform,,,,,297,"6.870999813079834,0.0,3.4049999713897705","1.1829681396484375,1.0,0.8084504008293152"
556,Transform,,,,,279,"5.190000057220459,0.0,-0.8199999928474426","1.2093474864959717,1.0,12.828722953796387"
557,Transform,,,,,280,"1.1679999828338623,0.0,9.696000099182129","4.000601291656494,1.0,2.3903005123138428"
558,Transform,,,,,281,"5.3420000076293945,0.4000000059604645,8.538000106811523","4.260958671569824,1.0,1.0069936513900757"
559,Transform,,,,,277,"3.7260000705718994,0.0,-0.014999999664723873","1.0703250169754028,1.0,1.2740552425384521"
560,Transform,,,,,278,"9.637999534606934,0.0,3.2330000400543213","1.281805157661438,1.0,1.90082585811615"
561,Transform,,,,,284,"8.069000244140625,0.0,9.758999824523926","1.1339200735092163,1.0,2.3903005123138428"
562,Transform,,,,,285,"3.3489999771118164,0.800000011920929,10.628000259399414","1.3208959102630615,1.0,1.6725178956985474"
563,Transform,,,,,282,"10.041000366210938,0.0,8.956000328063965","1.649014949798584,1.0,2.3903005123138428"
564,Transform,,,,,283,"9.050999641418457,0.0,10.534000396728516","3.0737104415893555,1.0,2.3903005123138428"
565,Transform,,,,,286,"5.927999973297119,0.800000011920929,11.418999671936035","1.3208959102630615,1.0,1.6725178956985474"
566,Transform,,,,,287,"7.038000106811523,0.0,3.1010000705718994","0.8482990264892578,1.0,0.8084504008293152"
567,Transform,,,,,239,"2.7860000133514404,0.4779999852180481,6.007999897003174","0.800000011920929,0.800000011920929,-0.800000011920929"
568,Transform,,,,,237,"7.179000377655029,0.5899999737739563,2.6010000705718994","1.0,1.0,-1.0"
569,Transform,,,,,233,"0.0,0.0,0.0","1.0,1.0,1.0"
570,Transform,,,,,232,"8.243000030517578,-0.039000000804662704,9.62600040435791","1.0,1.0,-1.0"
571,Transform,,,,,238,"1.2259999513626099,0.009999999776482582,6.460999965667725","1.0,1.0,1.0"
572,Transform,,,,,234,"-0.14399999380111694,0.18299999833106995,9.170000076293945","1.0,1.0,-1.0"
573,Transform,,,,,254,"1.8250001668930054,0.006000000052154064,1.7779998779296875","1.0,0.2623099982738495,1.0"
574,Transform,,,,,253,"6.380000114440918,0.006000000052154064,2.309999942779541","1.0,0.2623099982738495,1.0"
575,Transform,,,,,252,"9.350000381469727,0.006000000052154064,0.878000020980835","1.0,0.2623099982738495,-1.0"
576,Transform,,,,,255,"8.987000465393066,0.006000000052154064,9.36299991607666","1.0,0.2623099982738495,1.0"
577,Transform,,,,,256,"2.2249999046325684,0.006000000052154064,5.328000068664551","1.0,0.2623099982738495,1.0"
578,Transform,,,,,250,"9.977999687194824,0.07999999821186066,3.9539999961853027","1.0,1.0,1.0"
579,Transform,,,,,217,"6.860000133514404,0.004000000189989805,3.2669999599456787","1.0,1.0,1.0"
580,Transform,,,,,257,"7.940000057220459,0.014000000432133675,2.430000066757202","1.0,1.0,1.0"
581,Transform,,,,,261,"15.619999885559082,0.019999999552965164,5.129000186920166","1.0,1.0,1.0"
582,Transform,,,,,259,"2.4700000286102295,0.009999999776482582,9.140000343322754","1.0,1.0,1.0"
583,Transform,,,,,258,"5.9679999351501465,0.8109999895095825,10.545999526977539","1.0,1.0,1.0"
584,Transform,,,,,260,"3.760999917984009,0.014000000432133675,0.4309999942779541","1.0,1.0,-1.0"
585,Transform,,,,,262,"7.800000190734863,0.014000000432133675,7.980000019073486","1.0,1.0,1.0"
586,Transform,,,,,251,"1.7649999856948853,3.502000093460083,10.015000343322754","1.0,0.9999999403953552,1.0000001192092896"
587,Transform,,,,,241,"9.442999839782715,-0.004000000189989805,4.303999900817871","1.0,1.0,1.0"
588,Transform,,,,,240,"-0.08100000023841858,-0.004000000189989805,2.5889999866485596","1.0,1.0,1.0"
589,Transform,,,,,243,"3.802999973297119,0.2680000066757202,0.0989999994635582","1.0,1.0,-1.0"
590,Transform,,,,,242,"0.531000018119812,0.3569999933242798,8.916000366210938","1.100000023841858,1.100000023841858,1.100000023841858"
591,Transform,,,,,248,"1.034000039100647,1.0759999752044678,9.677000045776367","1.0,1.0,-1.0"
592,Transform,,,,,249,"2.446000099182129,0.3630000054836273,9.526000022888184","0.800000011920929,0.800000011920929,0.800000011920929"
593,Transform,,,,,229,"9.217000007629395,0.007000000216066837,2.046999931335449","1.0,1.0,1.0"
594,Transform,,,,,245,"9.355999946594238,0.37700000405311584,8.515000343322754","1.0,1.0,1.0"
595,Transform,,,,,304,"9.204000473022461,0.012000000104308128,7.7129998207092285","1.0,1.0,1.0"
596,Transform,,,,,306,"9.395000457763672,0.33399999141693115,9.718000411987305","1.0,1.0,1.0"
597,Transform,,,,,178,"2.1600000858306885,0.01600000075995922,7.059000015258789","1.0,1.0,1.0"
598,Transform,,,,,299,"0.0,0.0,0.0","1.0,1.0,1.0"
599,Transform,,,,,214,"0.017000198364257812,0.0,0.0","1.0,1.0,1.0"
600,Transform,,,,,307,"-0.0,0.0,0.0","1.0,1.0,1.0"
601,Transform,,,,,165,"3.2100000381469727,0.017000000923871994,1.4570000171661377","1.0,1.0,1.0"
602,Transform,,,,,300,"-0.017253875732421875,0.41100001335144043,-0.09399999678134918","1.0,1.0,1.0"
603,Transform,,,,,301,"0.44699999690055847,0.003000000026077032,8.09000015258789","1.0,1.0,-1.0"
